"month","year","site_code","q_monthly","DO","PAR","pH","spCond","DO_sat","monthly_average_NO3_N","temp_monthly","CH4_uM","CO2_uM","N2O_uM","doc_monthly"
1,2021,"ARIK",28.7692697289345,10.5148194444444,121.268666666667,8.03215833333339,529.550180555555,NA,NA,1.18904006410256,0.99752357,155.57781455,0.031358752,3.83387428572
1,2021,"BIGC",41.2592708453856,10.9295930555556,31.71046875,7.29526736111108,212.370956018518,NA,0.02101005,5.25101348039216,NA,NA,NA,NA
1,2021,"BLDE",10.0972367410845,NA,75.0927777777778,NA,NA,NA,0.206094188899985,0.0460803571428572,0.030224567,111.306598,0.053666775,NA
1,2021,"BLWA",246490.247173568,NA,NA,NA,NA,NA,NA,NA,NA,NA,NA,NA
1,2021,"COMO",1.77364609109142,NA,14.4662916666667,NA,NA,NA,NA,NA,NA,NA,NA,NA
1,2021,"MART",1224.15340888323,NA,NA,7.05726388888889,36.1663090277778,NA,NA,6.30920052083333,0.00775933966666667,59.4296218233333,0.021199069,0.73516875
1,2021,"MAYF",241.789856696429,10.7793805555556,15.6515416666667,5.82014722222221,11.5461388888888,NA,0.0131234630601639,8.84333928571429,0.769595998,128.9382823,0.050909258,NA
1,2021,"PRIN",27.8689406216931,11.9599913194445,67.1694166666667,8.16582500000001,785.520191666667,NA,NA,6.72757152777778,NA,NA,NA,NA
1,2021,"WALK",11.6774775426653,11.4700986111111,41.342,8.03161805555562,208.623009259259,NA,0.0430837472285426,8.96166594827586,NA,NA,NA,NA
1,2021,"WLOU",10.1049998282863,10.543224537037,4.77192708333333,NA,113.337847222222,NA,0.0517296357880435,0.0777793560606061,NA,NA,NA,NA
1,2022,"ARIK",8.9766398969534,8.41459999999999,138.798888888889,8.03250694444443,557.009090277778,72.6523923611111,0.0685006314967836,0.799519345238095,0.5078627185,274.7710822,0.044805263,15.6579999998333
1,2022,"BIGC",56.6317831541219,NA,61.6302604166667,7.22515277777783,180.128541666667,NA,0.0467385189719467,4.09515029761905,0.122221499,86.89549566,0.018414151,NA
1,2022,"BLDE",46.6828948252688,11.7838458333333,76.390375,7.7606250000001,117.739337962963,99.2719496527777,0.148024462306452,NA,0.015802373,57.17725231,0.021065649,NA
1,2022,"BLUE",715.079156137993,10.8018402777778,287.920541666667,8.19042638888886,562.693044444444,95.2920208333333,0.576645602743914,5.99996458333333,0.299616351,120.19894,0.025729029,NA
1,2022,"BLWA",411370.54186769,10.0102083333333,274.740416666667,7.41469618055556,NA,NA,0.559239423856911,NA,0.143878519,65.71882903,0.0148581663333333,2.8735
1,2022,"CARI",36.6377289272031,NA,NA,NA,NA,NA,NA,NA,0.086808358,148.1204348,0.02721314,1.5465
1,2022,"COMO",2.15625907258065,9.66636979166677,11.4125416666667,6.83143055555552,35.7174027777778,96.2101545138889,0.105494693365385,NA,0.012257196,148.7112115,0.026157638,NA
1,2022,"CUPE",18.8583267249104,8.42782222222223,30.8174479166667,8.28822222222229,292.801010416667,97.0329045138889,0.332213634125,21.5061781609195,0.009828792,35.8676706,0.017387481,NA
1,2022,"FLNT",226573.16880787,10.7577083333333,272.968645833333,7.32913194444443,92.9076388888889,95.7420138888888,0.673262530123817,NA,NA,NA,NA,NA
1,2022,"GUIL",87.7156804435484,NA,NA,NA,NA,NA,NA,NA,0.07977784,52.57600445,0.029108621,NA
1,2022,"HOPB",238.355117476852,13.6808680555555,NA,6.75341666666678,100.792443055556,99.3026749999999,0.0912236540344474,0.746175347222222,0.0711291225,61.888090385,0.0320393795,4.1565
1,2022,"KING",0,9.27397685185186,NA,7.54320486111108,651.868217592592,78.2164461805556,0.0418531378589126,4.31842329545455,0.522300274,492.223341,0.020159464,NA
1,2022,"LECO",383.931802195341,11.8732170138889,55.5588333333333,6.80609201388893,17.1424809027777,100.218236111111,0.157279432994739,NA,0.0035627055,31.55194828,0.0270020465,1.05505263157895
1,2022,"LEWI",19.0389946236559,12.2706753472222,96.9967708333335,7.90788715277775,621.047430555555,90.9991342592592,2.56297068908341,3.93587333333333,0.383330351,159.33185815,0.046291482,1.07532089944444
1,2022,"MAYF",372.393718862007,NA,34.11296875,NA,NA,NA,0.017638185012218,9.46042934782609,0.63685879,89.03485333,0.0130184435,2.07142307692308
1,2022,"MCDI",6.88711111111111,10.8051550925926,92.8717708333335,7.74059722222228,617.318500000001,83.3913125000001,0.133929149809665,4.77811217948718,0.16138258,380.54759,0.041504784,NA
1,2022,"MCRA",389.619491935484,12.4996371527778,1.370625,NA,22.2708125,100.099552083333,0.00418570318014706,3.72416346153846,0.004159733,38.682516685,0.017306735,0.921625
1,2022,"POSE",17.4756533378136,12.7844444444444,58.0574583333333,7.57700694444434,111.205493055555,92.26465625,0.406877200119371,1.39894333333333,0.009892218,54.72755381,0.0245764485,1.52557759794737
1,2022,"PRIN",57.3805641801075,12.0947291666667,49.2071354166667,8.23934722222224,803.184321180555,104.642805555556,0.344966815041035,3.48872638888889,0.370849703,107.2638158,0.026792084,2.30516666669231
1,2022,"TECR",6.09640393518518,10.9132743055556,33.4457638888889,7.06796527777787,31.2925347222222,97.5643437499998,NA,1.244409375,0.006692513,61.36374479,0.033139621,2.6255
1,2022,"WALK",49.4670818772402,10.7743287037037,47.6005729166667,7.56112499999997,129.6230625,102.049276041667,0.0164220436329134,10.5691231060606,0.0251499016666667,45.08813709,0.0185369396666667,1.42825384613333
1,2022,"WLOU",2.91218637992832e-06,10.3189041666667,2.390625,NA,115.665141666667,100.968880555556,0.0566716386079944,0.0841232638888889,0.001,32.63609127,0.013251081,NA
2,2021,"ARIK",29.6158612654321,9.22865972222226,186.699305555555,7.98946874999997,533.081071759259,NA,0.0672952404132775,2.67294494047619,1.276912243,211.008439033333,0.0215893643333333,3.76062
2,2021,"BIGC",60.5306943279517,10.8718368055556,36.3589166666667,NA,165.850576388889,NA,0.0461574957589286,5.12223406862745,0.1703067595,105.34646115,0.0392036385,3.01
2,2021,"BLDE",12.6687271410069,NA,108.629333333333,NA,NA,NA,0.197186249648438,0.0694122023809524,0.030146376,96.60465717,0.021065257,NA
2,2021,"MAYF",281.216982553898,10.9666277777778,10.5377083333333,5.76053124999999,10.8361319444444,NA,0.00992925167188413,NA,0.530811614333333,86.4467469733333,0.0284317303333333,2.44626754384211
2,2021,"PRIN",25.9427877627865,12.9806180555556,89.0786805555555,8.15874768518523,803.615944444445,NA,0.342070021551185,7.38951190476191,NA,NA,NA,NA
2,2021,"WALK",35.5552695999068,10.6140638888889,105.185104166667,7.73488194444436,144.432350694444,NA,0.0419057792712256,10.0692203525641,0.0192379076666667,56.6275393733333,0.0267631513333333,2.6131953125
2,2021,"WLOU",9.65621833953222,10.5008697916665,3.78795833333333,NA,113.646361111111,NA,0.0462569998777174,0.0857206790123457,0.004167287,44.06812172,0.015548564,NA
2,2022,"ARIK",11.2861048487103,9.87647916666666,176.985347222222,7.9720381944445,531.073918981482,73.7779444444444,0.0626313213523014,1.74387784090909,0.554508972333333,183.034354166667,0.0130729743333333,4.36450666668
2,2022,"BIGC",25.5197243303572,NA,72.2606770833332,NA,189.790006944445,NA,0.0299925038041008,NA,0.1542481635,88.01425546,0.014557469,1.8675
2,2022,"BLDE",33.9465927579365,11.7275572916667,NA,7.77045601851859,120.50905,99.3791000000001,0.147720661071429,NA,0.013823915,55.12558411,0.016831695,NA
2,2022,"BLUE",672.341457407407,12.3403402777778,270.524166666667,8.14616435185189,559.151925925927,108.017104166667,0.54074852950934,7.61296458333334,0.346853812,133.7523516,0.030959769,0.89985
2,2022,"BLWA",680769.096788195,NA,232.015416666667,7.27871527777777,NA,NA,0.541232719513356,NA,0.1242610715,67.068110325,0.016122144,2.61337019230769
2,2022,"CARI",16.5207717013889,NA,NA,NA,NA,NA,NA,NA,0.095760615,136.2009829,0.023156319,NA
2,2022,"COMO",1.99232899305556,9.90966203703702,22.922875,7.01501157407412,35.9675260416667,96.5450902777777,0.104479560348214,NA,0.007353901,101.9833357,0.016836473,NA
2,2022,"CUPE",24.3478661954365,8.35333333333331,34.1942083333333,8.27044097222224,283.957751388889,95.0013518518519,0.429055543196703,21.5120391666667,0.013226905,34.26996364,0.008570079,NA
2,2022,"FLNT",160430.260532407,9.37909722222222,317.852864583333,NA,104.8671875,NA,0.9503983659375,NA,NA,NA,NA,NA
2,2022,"GUIL",117.165017909357,NA,47.1419444444445,7.93159027777773,235.766847222222,96.9820416666666,0.435918557013107,19.8239978070175,0.078684412,66.64075434,0.016069036,1.377
2,2022,"HOPB",577.964737268518,14.3094930555556,NA,6.57681944444439,98.7946388888889,101.400949652778,0.0915335720989525,0.132372549019608,0.0428886925,58.77671057,0.033177398,1.70775
2,2022,"KING",0,8.93925555555556,NA,7.50809583333335,659.164930555556,74.1064618055556,0.028262309321558,5.40693669871795,0.697778901,688.1263819,0.011575097,NA
2,2022,"LECO",395.055339037699,12.4509907407408,97.38671875,6.70042187499997,16.3416579861111,105.704652777778,0.230481025856815,NA,0.004178422,36.2198876833333,0.0176960033333333,0.944502
2,2022,"LEWI",39.5799822668651,11.4082888888889,136.083472222222,7.94230902777774,589.738335069445,92.0790375,2.61023018935112,6.224605,0.4241789885,156.1883736,0.0435622675,0.942801813230769
2,2022,"MAYF",470.732833829365,NA,40.4644270833333,NA,NA,NA,0.0203336822598796,10.0441299603175,0.526938036333333,98.13358422,0.0114182,1.95991666666667
2,2022,"MCDI",7.12343303571429,10.8463842592592,252.130104166667,7.68251388888893,618.249809027778,83.3141736111112,0.134281526759254,5.05581994047619,0.104588718,240.8627544,0.031867889,1.37025
2,2022,"MCRA",211.624155877976,12.5359635416667,3.26180555555556,NA,21.839550925926,97.9828159722222,0.03921876,3.38952430555556,0.00304120166666667,36.87915849,0.015584592,0.82194199996
2,2022,"POSE",20.5344182787698,12.5753194444444,114.730572916667,7.60787731481482,100.098765625,91.2721440972222,0.487021565082304,3.01115144230769,0.00871695533333333,47.3836776866667,0.016765514,1.40156769232
2,2022,"PRIN",82.8479923115079,12.4666822916667,70.3554166666667,8.28588888888889,683.960203703703,104.347,0.339319919836957,4.97397842261905,0.493408218,84.96102376,0.024414529,NA
2,2022,"SYCA",70.1332272222222,8.85473784722221,254.351197916667,7.77550231481484,505.360368055556,92.6623148148148,0.360085524273483,13.6774311594203,0.074504189,118.3268584525,0.0148521855,2.3894197323913
2,2022,"TECR",8.96668948412699,11.0009421296297,42.6543333333333,NA,29.2640173611112,97.9115486111111,0.019385661875,1.18768833333333,0.0105726225,70.948856655,0.0376447615,2.72275
2,2022,"WALK",50.3009181547619,10.5471145833334,60.97921875,7.34015624999995,148.716173611111,99.5348333333333,0.00792878324453113,10.7485606884058,0.0169339846666667,42.5869427333333,0.019359852,0.795686842105263
2,2022,"WLOU",0,10.2159114583334,NA,NA,117.1870625,100.209979166667,0.0571863824553571,NA,0.002908812,51.8901785,0.016946961,NA
3,2021,"ARIK",52.876772002268,8.87502916666667,259.682208333333,8.15597743055556,509.1674875,NA,0.139435230055645,7.13963958333333,1.65574919,137.875288766667,0.0292023266666667,4.691142857125
3,2021,"BIGC",55.9202956427074,10.5979756944445,65.5475,7.50183854166669,181.197392361111,NA,0.0377725644458256,6.00552469135802,0.183895575,113.50112936,0.022592164,2.42686666666667
3,2021,"BLDE",18.8380093487149,NA,317.00015625,NA,126.189729166667,NA,0.18027516502065,0.154580357142857,0.0255715925,112.1324085,0.024872564,1.929
3,2021,"BLWA",792066.964145574,NA,NA,NA,NA,NA,NA,NA,0.111804653,96.72854835,0.018791084,3.334725
3,2021,"COMO",0.737311224126403,NA,21.2613333333333,NA,NA,NA,0.1468806759375,0.0828153735632184,0.011297877,196.5285598,0.032159765,NA
3,2021,"MAYF",108.907363591421,9.92378472222219,57.2310416666667,5.78597916666665,12.7562881944445,NA,0.0161417185228611,15.8197222222222,0.601885232,89.21702066,0.008545534,2.65426488096429
3,2021,"PRIN",52.1580420241715,10.4220046296297,156.048645833334,8.0539427083333,794.532802083333,NA,0.211322535214984,14.3897083333333,1.543190992,122.99289775,0.022339117,3.223
3,2021,"WALK",52.0585682525147,10.0836996527778,77.547986111111,7.69042013888888,167.791451388889,NA,0.0378546333715893,12.2239863782051,NA,NA,NA,2.37288958333333
3,2021,"WLOU",9.19213352052073,10.5705930555556,5.44716666666667,NA,115.269906250001,NA,0.0437133742379879,0.136106481481481,0.006849827,81.77700163,0.034337062,NA
3,2022,"ARIK",21.7228567428315,9.8322138888889,231.160333333333,8.08593055555552,516.064595486112,80.6676006944444,0.0713529131826923,6.24523060344827,0.555926554,144.24845625,0.0128797445,4.363611111
3,2022,"BIGC",25.6883243727599,9.77448611111113,109.571916666667,7.29246180555561,184.940847222222,93.1285532407406,0.0402394479521086,NA,0.183040871333333,94.2955812633333,0.0169287256666667,2.33265986390476
3,2022,"BLDE",49.7758863745211,11.5762939814815,203.288541666667,7.88177777777778,122.879309027778,99.0161527777777,0.135847961518568,NA,0.017203795,75.90308707,0.0541640845,1.713
3,2022,"BLWA",921633.945452509,NA,NA,NA,NA,NA,0.452864208420878,NA,0.12932361675,74.23861485,0.01484863175,2.59614423076923
3,2022,"CARI",8.34953214605735,NA,NA,NA,NA,NA,NA,NA,0.0840348595,172.0758483,0.024321991,1.3692857145
3,2022,"COMO",1.94066061827957,9.8747708333333,22.8688541666667,6.98704999999998,39.2776093750001,96.6139652777779,0.10865903115767,NA,0.001,89.33217549,0.016454796,NA
3,2022,"CUPE",68.2144022177419,8.40166666666667,41.90578125,8.24591666666661,267.155776388889,95.9820520833334,0.313479972163462,21.8914300595238,0.011012323,37.590592555,0.010218956,1.1755333332
3,2022,"FLNT",158386.481597222,8.53029513888887,393.021416666667,NA,106.440625,93.7156250000001,0.923232530454546,NA,0.1363380565,47.91544462,0.018318949,NA
3,2022,"GUIL",176.679235871647,NA,93.3313194444445,8.00653935185182,219.867209722222,NA,0.361274663459694,20.63828125,0.072365126,53.78826674,0.013456229,NA
3,2022,"HOPB",509.854122759857,13.0028597222222,NA,6.91415046296296,92.9433703703704,100.212295138889,0.0690259478687094,2.93576711309524,0.02673861525,43.5995717525,0.030346848,2.20313227514815
3,2022,"KING",0,7.62198379629629,NA,7.66442881944443,664.749118055555,63.7564513888889,0.0451165578669819,8.26828351449276,1.6606760115,652.24469565,0.0075377055,1.8865
3,2022,"LECO",344.744782207854,10.9393680555556,155.223020833333,6.92139409722216,16.6444861111111,100.862930555556,0.197596445941318,NA,0.00386856233333333,34.81407811,0.012628056,0.928020119071429
3,2022,"LEWI",29.9492163978495,10.1122430555555,161.305625,7.89542592592593,596.987647569445,89.5255902777778,2.42306877374112,9.51874330357144,0.38352542725,152.9993753,0.040436434,1.06624653846154
3,2022,"MART",492.91802281746,12.0122916666667,NA,7.16213657407403,33.1066354166666,97.1413194444444,0.000708116499999995,5.32752395833333,0.004610962,50.734412305,0.010058883,0.83988792725
3,2022,"MAYF",412.094315277778,NA,40.5221666666667,NA,NA,NA,0.014002976807717,13.4705771604938,0.516076889,79.8274158125,0.01089579075,1.73692857142857
3,2022,"MCDI",41.0160798611111,9.96947777777776,262.060416666667,7.84022743055557,566.659842013889,85.0794479166667,0.493194497104229,7.51915432098765,0.0828678776666667,210.202128136667,0.0246623743333333,2.52220357142857
3,2022,"MCRA",366.451080197133,12.2443836805555,4.52166666666666,7.20608333333335,21.2328842592593,97.6069847222224,0.0130665242465753,3.40963541666667,0.001,35.270265725,0.014897112,0.859913945607143
3,2022,"OKSR",213.878510416667,NA,NA,NA,NA,NA,NA,NA,NA,NA,NA,NA
3,2022,"POSE",12.4103748319892,11.5856284722223,203.930541666667,7.68626736111111,107.936193055555,93.3020180555556,0.32104088477655,7.04465,0.00933431766666667,51.7698779466667,0.017464713,1.65835
3,2022,"PRIN",44.8354528356482,10.8785052083333,149.680625,8.25403645833339,789.476456597223,101.468595486111,0.236568027490898,10.9523341666667,0.7737907835,93.044689145,0.0250211665,2.97
3,2022,"SYCA",63.2857847222222,8.31513333333335,323.34525,7.69260694444443,500.997039930555,92.9041833333334,0.154085118505435,15.9318415178571,0.0690109738,99.230708132,0.0137609306,2.38611813188462
3,2022,"TECR",24.8567907706093,10.6028875,35.9059375,7.18882986111108,28.037828125,97.2406347222222,0.0224892858464912,1.47646875,0.007467372,74.387079835,0.0184838505,NA
3,2022,"WALK",30.075478046595,10.4251701388889,153.588541666667,7.77436458333336,123.566479166667,98.7207534722222,0.0314825838220224,12.2702596153846,0.02109966,49.00610598,0.0100221913333333,0.759158758464286
3,2022,"WLOU",0,10.2273347222222,14.8173611111111,8.04454166666678,118.705108796296,99.7693559027778,0.058233812939562,0.192452380952381,0.003589661,50.8756137,0.018007172,NA
4,2021,"ARIK",34.8308767694555,8.21340277777778,323.653541666667,8.1893222222222,505.194212962963,NA,0.098382914896875,10.9705825617284,2.6277223975,114.00996241,0.014320242,5.43013636363636
4,2021,"BIGC",34.8471599579291,9.11786979166667,136.937916666667,7.40916203703702,184.556326388889,NA,0.0176816860088476,10.0805496794872,0.274482786,112.69165261,0.0280436166666667,1.78604497355556
4,2021,"BLDE",135.33753181261,NA,416.600416666667,7.40065972222242,134.398881944444,NA,0.128716466390625,0.848789262820513,NA,NA,NA,NA
4,2021,"BLWA",748606.055585387,NA,NA,NA,NA,NA,0.370915626465226,NA,0.05761288175,62.17385051,0.02186056675,3.26041608392308
4,2021,"COMO",5.11802857308929,9.57859201388886,33.22234375,6.48698148148148,31.3042708333334,NA,0.103594590881722,0.0278181818181818,0.017519984,222.8117726,0.02873265,NA
4,2021,"PRIN",83.4303208217748,9.35731597222222,NA,8.00288888888893,796.864395833333,NA,0.158616898424225,16.71775,1.228026694,125.322824535,0.02186551075,3.49631428571429
4,2021,"WALK",20.450634936973,9.97763888888887,79.321875,7.94502951388893,155.611224537037,NA,0.0367341059782398,13.0264278273809,0.0142449853333333,38.1645585633333,0.013430951,1.48572795030435
4,2021,"WLOU",10.7326555571589,10.5321680555556,17.0629166666667,8.1539097222222,113.978546296296,NA,0.040061341093865,0.364389880952381,0.008351031,38.5488468,0.024908437,1.7598571428
4,2022,"ARIK",20.2108106481481,9.15500138888889,464.920291666667,8.04772453703707,545.875372222222,81.6690527777778,0.0720250489906756,11.1699523809524,1.33050966533333,115.213271433333,0.0107409163333333,5.857125
4,2022,"BIGC",18.0846835648148,9.45788888888889,136.76625,7.36853125000004,191.561576388889,92.831203125,0.0291878394747673,9.19665625,0.165340678,83.1565142775,0.01293313825,1.93992979244444
4,2022,"BLDE",111.009837152778,11.0396902777777,275.91984375,7.88669583333337,126.075355555555,98.9015916666667,0.0504485408273333,1.92368229166667,0.0385129395,77.28992603,0.0581835115,4.08415
4,2022,"BLUE",1074.15919806134,9.82270312499999,419.765972222222,7.97869722222224,551.856659722222,104.731159722222,0.470781254155868,17.7811790123457,0.712125562,133.40290355,0.0211701355,1.20266666671429
4,2022,"BLWA",662118.71974537,NA,420.185694444444,7.41590277777779,166.460243055556,NA,0.355924183038977,NA,0.164035843666667,104.7311614,0.0125078646666667,2.834125
4,2022,"CARI",8.06623931623931e-05,NA,513.043958333333,NA,NA,NA,NA,NA,0.093546823,137.6185662,0.023780328,7.179357142625
4,2022,"COMO",2.36960029380342,9.62272222222212,44.9218333333333,6.86112037037035,37.394953125,95.7948722222222,0.144035043917411,NA,0.007833521,119.0592994,0.019215902,NA
4,2022,"CUPE",22.8748106481482,8.16674583333332,57.1899479166667,8.35858333333342,290.279213541666,94.1113194444445,0.310262617241285,22.2430063405797,0.015745611,37.179814775,0.0085523195,1.1095
4,2022,"FLNT",309557.153541667,8.48493055555558,475.881375,NA,96.6128472222221,NA,0.837903507567567,NA,0.220810772,54.60258818,0.0205305,NA
4,2022,"GUIL",103.949354398148,7.9817824074074,163.686614583333,7.96650138888892,233.55074537037,96.0376643518518,0.300020515703323,21.4472073863636,0.07309717,58.785008515,0.0153456365,1.2145
4,2022,"HOPB",458.563312731481,11.3509322916667,173.037864583333,6.91664814814811,93.4786736111111,99.0760902777778,0.0540364385070184,7.43982961309524,0.03721257175,36.4597188425,0.01212773025,2.81218956042308
4,2022,"KING",30.3049421296296,7.80171250000001,NA,7.69003194444447,664.032185185185,75.5929277777778,0.0855567271242446,12.9467740384615,NA,NA,NA,1.106875
4,2022,"LECO",309.833250462963,11.1352546296297,154.612395833333,6.79823194444445,18.602162037037,107.832354166667,0.18454090105364,NA,0.00511040533333333,28.46444867,0.00806531466666667,1.73239437796296
4,2022,"LEWI",39.7773193287037,9.24282638888888,230.027135416667,7.85389583333333,606.773747685185,87.1219212962963,2.35367611434728,12.4483841666667,0.4858426335,156.6925963,0.0320720305,1.21626984133333
4,2022,"MART",412.112099305555,12.0647083333334,NA,7.1410833333333,33.4761138888889,98.4845097222223,0.022178201579586,4.96199537037037,0.00182423166666667,50.1184663633333,0.0137607836666667,1.04609166666667
4,2022,"MAYF",389.45258755787,NA,50.8525,NA,NA,NA,0.0144785335529093,16.4254626736111,0.604830456,86.011218055,0.009918054,2.02672916667857
4,2022,"MCDI",28.9126208333333,7.02637268518519,384.423916666667,7.87571805555553,547.057713888889,79.2414189814814,0.22288890890625,12.4430520833333,0.095851051,182.0199056,0.018937621,3.58106666666667
4,2022,"MCRA",223.439905324074,NA,7.38916666666667,NA,NA,NA,NA,4.21513541666667,0.001933476,34.86100232,0.013170228,0.876281632714286
4,2022,"OKSR",170.947020138889,NA,NA,NA,NA,NA,NA,NA,NA,NA,NA,NA
4,2022,"POSE",24.1224471982759,10.6393208333334,164.770666666667,7.79313194444442,100.442930555555,94.39684375,0.263355696138278,10.6540771604938,0.0179730606666667,50.42032823,0.012280964,2.37096419751852
4,2022,"PRIN",72.8019583333333,9.44867534722224,185.535708333333,8.04271006944449,657.127640624999,99.6586226851851,0.252325507248063,18.4690761217949,0.8818437276,67.555834032,0.0170515308,6.50319523809524
4,2022,"SYCA",61.1664532407407,7.38384444444444,466.475916666667,7.58490972222226,518.057743055556,87.288337962963,0.0307590646576658,17.7069197530864,0.101671192,68.32840807,0.009428558,2.74885714275
4,2022,"TECR",33.4471233237548,10.0230225694444,70.9781666666667,7.2168263888889,26.9970916666666,97.2630439814816,0.032391709609375,4.19235108024691,0.005053001,83.236307215,0.012877889,3.26325
4,2022,"WALK",28.6073098958333,9.91072569444444,139.770208333333,7.76790972222216,145.748138888889,99.1002222222222,0.0478598444511456,13.6276069444445,0.0195886163333333,44.0183249633333,0.009807754,0.796933699666667
4,2022,"WLOU",0.211739236111111,10.1108430555555,9.71424999999999,NA,114.513647222222,100.122184027778,0.0558391155255682,0.496602564102564,0.001,45.81163938,0.015839374,1.8477692308
5,2021,"ARIK",91.7437922487215,6.71612777777778,401.30425,7.9919583333333,519.379081597222,NA,0.115344437819951,17.3341472701149,1.3118969515,92.86319105,0.0163427895,7.08756862747059
5,2021,"BIGC",24.1639023628644,8.30741898148147,99.4028750000001,7.42026041666661,207.728684027777,NA,0.0269416690561342,12.5028221153846,0.287708707,103.333673065,0.0152800875,1.43650883042857
5,2021,"BLDE",500.886106776439,NA,451.252208333333,7.40919791666665,53.2205694444444,NA,0.139097407414773,4.95191666666667,0.0255370325,36.292387665,0.0160201305,5.54814814816667
5,2021,"BLWA",143660.892211508,NA,564.504291666667,NA,NA,NA,0.291752084650287,NA,0.0129401283333333,30.0594394133333,0.0178036033333333,2.92577840908333
5,2021,"CARI",546.829305197519,13.2889004629629,394.832569444445,7.41014409722222,40.4528576388889,NA,0.433703293743135,1.77686921296296,0.0768293493333333,82.4219917233333,0.025850011,8.15339655162069
5,2021,"COMO",48.2183820879203,10.0458009259259,47.4583333333333,6.23222916666667,27.2800590277778,NA,0.114422788839286,0.0185625,0.0078691685,230.2295264,0.059167313,8.45713157894737
5,2021,"MART",32.1194172898674,11.1675694444444,NA,7.27383333333331,38.1438819444445,NA,0.01086832378125,NA,0.0050311825,50.92268885,0.0141003715,0.669498275862069
5,2021,"MAYF",123.958650759734,8.8183361111111,47.1174479166667,NA,14.0761527777778,NA,0.0207738258928571,NA,0.341002465,74.86232675,0.010267241,2.89475555555556
5,2021,"OKSR",5560.79031805556,NA,NA,NA,NA,NA,NA,NA,0.195658964,66.59742812,0.040428383,9.7955
5,2021,"PRIN",159.695376604158,8.3954236111111,NA,8.04528750000009,709.784777777778,NA,0.329391607534634,20.6514455128205,1.0685612955,105.5321379325,0.0182782055,5.57252307692308
5,2021,"WALK",18.2195974299523,9.87484305555563,10.7972916666667,7.91880555555559,190.132392361111,NA,0.0297247024818577,13.5271383928571,0.0195488315,58.767876755,0.015682607,1.383794642875
5,2021,"WLOU",81.3183027946124,10.2869333333333,16.5448333333333,7.97015624999999,87.0958083333333,NA,0.0424796603727105,1.35778935185185,0.00283598466666667,40.9279845666667,0.0375183196666667,2.83893697482353
5,2022,"ARIK",22.6536950044803,6.02829305555556,407.274375,7.83254166666664,544.971143518518,71.1695763888888,0.107592475823415,16.0280875,0.7451531564,190.31827793,0.0168427696,7.21074038461538
5,2022,"BIGC",5.33834139784946,9.06047916666668,133.5753125,7.37793518518519,214.534159722222,92.8917690972222,0.0209372029290096,11.845572172619,0.262240935,79.056327658,0.0162263098,1.62282840238462
5,2022,"BLDE",475.780157258065,10.3340791666666,313.398020833333,7.74845486111114,85.4744253472222,98.132484375,0.0894234417,3.83066666666667,0.01858657075,43.3038939975,0.02919589625,6.24849135803704
5,2022,"BLUE",1228.10589875,7.93944212962962,444.862708333333,7.95079861111111,563.861897569444,91.7114189814815,0.523015633126581,20.6982258333333,0.86892138125,167.106310525,0.0169600075,1.22873076923077
5,2022,"BLWA",260697.610499339,NA,558.108385416667,7.60614583333334,NA,NA,0.205530331927147,NA,0.307475379,41.7305902733333,0.01317591,2.91047826086956
5,2022,"CARI",886.414533816425,NA,518.644166666667,7.15057175925929,43.1243680555555,NA,0.357912513789205,1.56760964912281,0.104093949333333,88.2483460333333,0.0222204823333333,12.1202168369286
5,2022,"COMO",40.1260583043981,9.99318923611111,79.9250694444443,6.61964814814814,25.3994739583333,99.2520208333331,0.122061755254448,0.2980375,0.00791800833333333,57.94977166,0.034356681,7.85906015052632
5,2022,"CUPE",25.6976047267025,7.91869791666664,49.02546875,8.14854166666665,278.515347222222,93.4593090277778,0.323106922382725,23.2937574404762,0.0113720385,37.49855046,0.0209122525,1.46926666666667
5,2022,"FLNT",110691.252134857,7.34605902777778,443.2271875,7.76715277777778,137.850925925926,90.3130208333332,NA,NA,0.167655686333333,43.1195740266667,0.0200333006666667,NA
5,2022,"GUIL",79.6831440412187,7.59419444444444,325.963072916667,7.92230324074076,242.289516666667,93.3455601851852,0.283635675,22.6499050925926,0.1579861415,69.23191102,0.020583131,1.1105
5,2022,"HOPB",178.4251859319,10.0952,121.045104166667,7.06802314814815,105.694363888889,98.1531788194445,0.0382247803925179,14.052713362069,0.0765511885,34.29935858,0.011061154,2.92724137931034
5,2022,"KING",235.775182291667,8.09838194444444,NA,7.89168402777781,600.011885416667,84.504914351852,0.0865609301313462,15.8604575617284,0.15943084575,219.623922675,0.022012824,1.57831730769231
5,2022,"LECO",354.229789511494,9.5023842592592,NA,6.80802916666666,16.1462597222222,99.106400462963,0.208549947698864,NA,0.0028031885,35.49639919,0.0102657555,1.53945305041379
5,2022,"LEWI",53.9928389336918,8.43123148148147,32.7460416666667,7.82559027777778,622.633399305555,86.1948298611111,2.37546533827125,15.1190014880952,0.551349811333333,177.3626281,0.0434661523333333,1.51018506495455
5,2022,"MART",557.461369959678,11.5396305555555,NA,7.2253773148149,35.7452604166667,98.679704861111,0.0168296559320673,6.84350961538461,0.00237939366666667,44.7470225266667,0.0177523223333333,0.880852777777778
5,2022,"MAYF",186.649959397401,NA,30.6380208333333,NA,NA,NA,0.0164473424955173,20.5448680555556,0.691678795333333,88.7413477633333,0.0116993096666667,2.2710083333
5,2022,"MCDI",86.9639470164609,7.01905138888889,162.168125,7.88132222222221,515.056994444445,80.9325034722222,0.349255952857143,16.6382842741936,0.185499966,178.975004166667,0.0203927263333333,3.29088461538462
5,2022,"MCRA",682.409478174603,NA,NA,NA,NA,NA,NA,NA,0.00203954666666667,34.8264670966667,0.0212025733333333,0.908437244857143
5,2022,"OKSR",355.419098539272,NA,NA,NA,NA,NA,NA,NA,0.073110223,50.79080126,0.017698605,8.419428571
5,2022,"POSE",43.8436840277778,8.9481736111111,109.3709375,7.48884953703702,111.612661111111,93.5422555555555,0.286302706317742,15.0654606481481,0.0290269913333333,55.1860927433333,0.0313751053333333,2.24874603180952
5,2022,"PRIN",56.226941091954,8.01972569444445,54.0869166666666,8.13363194444445,721.996219907407,95.6603871527778,0.231875054887816,23.1271681034483,0.872607483333333,88.7990140466667,0.0106548246666667,6.6766
5,2022,"SYCA",61.2628581989247,6.69134548611111,528.683625,7.55404861111109,520.109798611111,80.0278652777776,0.0225853787517165,20.1850601851852,0.169824194,150.1437387,0.008522147,NA
5,2022,"TECR",16.7477260304659,9.09474479166666,47.0509166666667,7.25614444444446,30.6460972222222,95.7414913194444,0.0330941483047872,7.62535496794872,0.02374206075,55.58522657,0.02802445525,2.5560462962963
5,2022,"WALK",8.92607235663083,NA,7.32347222222223,8.10426620370367,225.9646625,NA,0.0841568149924342,15.3891923076923,0.0186806233333333,51.3996188233333,0.009610172,0.793408791142857
5,2022,"WLOU",141.072063228047,NA,NA,NA,103.299236111111,100.652173611111,0.0520436446875,0.910875,0.00263045733333333,43.2340122233333,0.025806783,3.94936813185714
6,2021,"ARIK",24.2702092504701,4.6723287037037,604.710416666667,7.69180555555556,546.083694444444,NA,0.0777934904297495,21.6447435897436,1.671192994,186.661227966667,0.0138321803333333,5.68248641974074
6,2021,"BIGC",14.4187012396998,7.67107777777778,81.5565,7.35795138888888,221.536912037037,NA,0.0438982630813512,16.2634676724138,0.327316956,90.6409618033333,0.0186093373333333,1.34636438748148
6,2021,"BLDE",411.529821920422,8.63948611111112,408.155708333333,7.58561805555556,68.4907430555554,NA,0.0754891276766409,11.7203317901235,0.0426249925,33.48015387,0.0210053525,3.23461111108333
6,2021,"BLWA",618277.085179219,NA,528.052916666667,NA,NA,NA,0.268010204613613,NA,0.114381199,97.84128803,0.030202624,NA
6,2021,"CARI",283.659051844279,12.2983819444445,459.011916666667,7.65742777777782,87.4164270833333,NA,0.39264719484375,4.23630478395062,0.08202168475,65.7355739675,0.03880649275,2.89326666665385
6,2021,"COMO",247.51667210978,8.69472638888889,64.0377916666667,6.31955381944443,16.8938472222224,NA,0.0586614801004055,6.1673725,0.00388503157142857,51.1067180771429,0.0355136078571429,5.92819565217391
6,2021,"MART",19.7648414116712,9.70626388888888,NA,7.2602847222223,39.6525231481481,NA,0.0223089124224205,NA,0.0050748535,59.376886375,0.0247831245,0.902170833333333
6,2021,"MAYF",242.987713877866,8.0285763888889,NA,5.46873611111112,13.8004131944445,NA,0.0188185850625,NA,0.361824704,95.044692145,0.013063517,NA
6,2021,"OKSR",3896.98249112655,9.85385069444441,185.928958333333,7.29850694444461,46.3360694444445,NA,0.0550280547138158,NA,0.101742133,89.308309086,0.046851334,5.03989333336
6,2021,"PRIN",121.516757769682,7.88625277777778,NA,8.04662638888888,679.136559027779,NA,0.284068173549107,25.3812591666667,0.742126304,81.78311293,0.032998555,11.08
6,2021,"WALK",6.53238464017079,9.18996805555554,6.74333333333333,8.01963750000003,238.526349537037,NA,0.0533582785281768,15.5821235632184,0.016497663,74.89696079,0.0202069265,1.43525
6,2021,"WLOU",155.15761698737,9.33721874999997,26.7215104166666,7.89334895833332,83.2456712962963,NA,0.033170586862922,4.8497075,0.00237553483333333,37.13547178,0.0418610475,2.43566666666667
6,2022,"ARIK",9.84787037037037,2.23003645833333,493.734083333334,7.46165798611114,570.799658333333,20.5083888888889,0.0802784168129638,20.6292995689655,9.902680363,390.35591895,0.0080692855,6.33375
6,2022,"BIGC",7.39923831018519,8.35256944444444,81.0671354166666,7.41173194444445,238.037361111111,94.3528819444444,0.0260139086079114,15.298099537037,0.250740228,79.1613967866667,0.018036742,1.75716402122222
6,2022,"BLDE",1245.47328402778,9.61264583333332,331.788697916667,7.55131250000003,56.7510069444446,99.8141157407408,0.0600098499269323,8.02333092948718,0.032548853,33.53761326,0.009658053,6.9925
6,2022,"BLUE",1399.41818904321,8.27288425925926,609.056958333333,7.95393750000006,517.092986111111,99.4545370370369,0.448598983883074,22.7351328125,0.619842858,134.15723055,0.01203833,0.957875
6,2022,"BLWA",197945.478240741,NA,473.872125,7.8983912037037,NA,NA,0.220732822138678,NA,0.236952777,68.82892823,0.018808624,NA
6,2022,"CARI",362.847593402778,NA,515.218291666667,7.41708472222228,74.8940527777778,NA,0.405939632727273,4.44323765432099,0.0892617395,54.238091985,0.01629461475,2.40781730769231
6,2022,"COMO",297.990570779914,NA,92.4458333333333,6.65764583333342,15.5412951388889,101.052423611111,0.0490553873199885,4.49603125,0.00327697657142857,51.39525578,0.0304122738571429,5.49624161491304
6,2022,"CUPE",25.5826342592593,7.63836388888888,23.7646875,8.1306041666666,284.272401041667,93.3754486111111,0.307636149233903,23.8582816358025,0.0257996,46.28606443,0.0105425665,0.760866620821429
6,2022,"FLNT",75935.996087963,NA,530.890916666667,7.81140625000002,149.9875,95.2982638888888,NA,NA,NA,NA,NA,NA
6,2022,"GUIL",115.742040277778,7.59025462962964,260.557375,7.95680555555555,237.941293981481,93.7325347222222,NA,22.9835453869048,0.1307078685,76.24937442,0.0210727795,1.223
6,2022,"HOPB",57.1678599950397,9.18649999999999,28.7588020833333,7.1390597222222,117.86721875,98.323421875,0.10790691201139,16.7323402777778,0.0886481025,43.21698122,0.01027757,NA
6,2022,"KING",220.540282021605,8.06643576388892,NA,NA,577.855256944444,92.7166319444445,0.0586180858184524,19.0207797619048,0.0559599785,154.16470675,0.0217634835,1.92911538461538
6,2022,"LECO",196.876377662037,8.6672638888889,48.7338020833333,6.9049097222222,23.3133489583333,97.4212465277778,0.181952756694728,NA,0.0099351045,43.72746608,0.0206806415,1.10533181818182
6,2022,"LEWI",48.6999291666667,8.66250694444443,13.99140625,7.73728472222218,616.792287037036,89.5886701388889,2.77873516665557,16.4481077898551,0.450925433,147.9536485,0.031313034,1.181982142875
6,2022,"MART",246.223521759259,11.0113472222223,NA,7.20760763888893,37.9006961805556,98.1012592592592,0.0112577938800753,8.99199614197531,NA,NA,NA,NA
6,2022,"MAYF",70.7657923611111,NA,43.6454166666667,NA,NA,NA,0.0271183183198925,23.0724835069444,0.77247369,96.67886381,0.008756015,2.4805
6,2022,"MCDI",310.292016826923,0.491347222222223,52.2282916666667,7.46246527777784,468.589697916667,5.02599999999999,0.506898078700179,20.2768697916667,0.0979249603333333,88.78846166,0.013490435,3.67509336422222
6,2022,"MCRA",430.442823726852,10.9751365740741,10.7871527777778,6.9901076388889,21.3064768518519,100.018810185185,NA,6.41958333333333,0.001,20.30043883,0.020975832,0.651611111
6,2022,"OKSR",684.877957561728,10.2421805555555,474.779270833333,NA,55.5482222222221,NA,NA,11.7496111111111,0.06677984475,51.0328772175,0.01493612625,4.60796153846154
6,2022,"POSE",14.5747731481481,8.36376215277778,81.1651562499999,7.55034895833338,126.483638888889,92.7961093749999,0.368378325397286,18.2411412037037,0.0367362785,52.389393855,0.0203072275,1.8525
6,2022,"PRIN",46.6983736111111,7.45304861111111,23.181375,7.99726388888886,743.923516203704,104.343923611111,0.11023223372705,26.9390787037037,0.800650245,80.64714212,0.019723218,2.67085714288889
6,2022,"SYCA",33.0097869543651,5.75889861111111,527.172041666667,7.50052777777777,522.674532407407,71.2022135416666,0.0306181309018016,23.2151622023809,0.118722367,316.8523898,0.013938964,1.923884615375
6,2022,"TECR",8.37367939814815,8.52086944444443,27.4861458333333,7.24892361111104,35.354825,96.3161347222222,0.0294216591002747,10.8839047619048,0.0513492086,57.9539726,0.015930167,2.11977619052
6,2022,"WALK",5.97178980654762,NA,7.68026041666667,8.08468055555558,255.187295833333,NA,0.0724592132885368,17.0139743589744,0.042884194,55.59489165,0.015554229,0.74155
6,2022,"WLOU",313.809610300926,9.34535185185186,24.7125694444445,7.765662037037,75.7673194444443,102.355284722222,0.0489885472901277,4.74269305555555,0.00322881616666667,43.5505962316667,0.0311182765,3.59935416666667
7,2021,"ARIK",1.79737280576247,NA,522.79175,7.58470486111109,551.104923611111,NA,0.0788756628047119,22.999325617284,7.3535841335,338.20858055,0.006986595,9.37850689655173
7,2021,"BIGC",9.10017361792973,6.61416550925927,63.6072083333334,7.24117187499997,263.262256944445,NA,0.0262925143433906,18.8153836805556,0.616471736,116.706301,0.056871033,1.47676666666667
7,2021,"BLDE",102.995486535977,8.07471527777779,138.398458333333,7.87016666666664,84.5572083333333,NA,0.0294600259413808,14.5651955128205,0.097708289,39.74311347,0.021049714,NA
7,2021,"BLWA",216151.684754562,NA,412.750791666667,NA,NA,NA,0.344055386601365,NA,0.2302789565,52.84990594,0.037137318,3.129
7,2021,"CARI",235.030360627439,11.7897888888889,546.244791666667,7.56271666666663,91.8060810185185,NA,0.352204553011148,5.36352003205128,0.0941215085,55.56579249,0.0228760765,2.23026954024138
7,2021,"COMO",40.6218990386891,7.85316493055554,37.3478125,6.81304444444448,20.7094809027778,NA,0.0493588344840743,9.34996006944444,0.0074691315,47.6506464825,0.03068713325,4.26413425925926
7,2021,"MART",5.23065315162301,9.18424768518519,NA,7.29228009259254,40.9231666666666,NA,0.0339761061956003,15.7246938405797,0.002229834,49.89377397,0.029229494,1.107825
7,2021,"MAYF",146.713197029321,7.8720462962963,24.0471875,5.72044675925929,14.2519930555556,NA,0.027313065,18.6158111979167,0.617087557,91.50891731,0.023561947,2.601
7,2021,"OKSR",399.914701023392,9.41876388888888,407.891875,7.29338194444441,NA,NA,0.135304450577015,13.1194036458333,0.08971188625,58.6376090975,0.02755491925,4.35808024688889
7,2021,"PRIN",8.52182077477388,7.90871111111111,123.459125,8.01899305555556,707.552359722222,NA,0.0802530238011266,27.584859775641,0.9161931325,117.14987875,0.011531129,3.012
7,2021,"WALK",6.07567576831128,9.06163715277781,7.9005,8.04068229166666,241.121398148148,NA,0.0688377826509503,16.6540319940476,0.0318039805,63.128622125,0.025088337,1.32525
7,2021,"WLOU",32.572819140266,8.53244212962962,23.2490104166667,7.92503703703702,94.6533449074075,NA,0.0194031925833231,8.05974916666667,0.004865753,41.2511910875,0.02612752875,1.6800625
7,2022,"ARIK",0.167054659498208,1.31502777777777,581.751125,7.45467708333333,555.309006944445,NA,0.13085613571875,NA,34.504259155,437.5804801,0.01140967,7.58226666692308
7,2022,"BIGC",1.65556630824373,7.48064409722223,44.25703125,7.34215624999997,252.515692708334,87.096296875,0.0372585951297342,17.80482,0.226689341,82.42756452,0.01666458,1.9869404763
7,2022,"BLDE",226.445582997312,8.08330000000001,110.957222222222,7.73964722222224,NA,98.3921208333333,NA,13.2308,NA,NA,NA,NA
7,2022,"BLUE",1023.18965696839,8.4191574074074,611.744208333334,7.98031076388887,543.397859722222,101.13424537037,0.4332593296875,24.1179638888889,0.641667594,134.5293159,0.018062066,0.9699
7,2022,"BLWA",159332.69828629,NA,532.233875,7.90936342592592,289.038680555555,NA,0.134637302481607,NA,0.3361150975,64.506158495,0.0107264845,2.4315
7,2022,"CARI",339.158855790771,12.0553888888889,393.477041666667,7.28755555555556,85.7974638888889,97.361092013889,0.334031154756944,5.12128240740741,0.1552100775,59.17839655,0.014473253,2.80379679803448
7,2022,"COMO",34.6921948924731,7.90695833333334,40.01,6.99041111111107,19.5912361111111,97.7670885416667,0.041433996170224,9.80077986111111,0.0177849895,43.528150305,0.02849707,3.58849655172414
7,2022,"CUPE",31.2875934139785,7.82278472222223,27.7747395833333,8.32496875000005,264.891953703703,94.5851481481481,0.298777504732677,23.5197198275862,0.020890555,42.037719805,0.017491878,1.159822458
7,2022,"FLNT",97229.2148801523,7.05430555555556,549.274666666667,7.39302083333334,136.110763888889,83.4041666666667,NA,NA,0.224662567,30.24753254,0.028623656,NA
7,2022,"GUIL",142.014887768817,7.73186111111115,185.64328125,7.90711805555555,233.244315972222,NA,0.303211881236842,22.829071969697,0.184489778,64.511449695,0.018604349,1.4245
7,2022,"HOPB",17.6593171296296,8.86451041666668,39.4363541666667,7.17003298611109,120.727705555556,98.0943124999999,0.133222447898887,19.22896875,0.175461193,44.304715715,0.011207001,4.155
7,2022,"KING",43.8729736783154,7.6590347222222,49.83859375,7.75209027777768,592.441706597222,86.0895152777778,0.0749847272514692,19.7383169642857,0.007484379,207.4746186,0.02112173,NA
7,2022,"LECO",311.688872311828,8.58871874999999,33.860625,6.97442708333329,20.1716736111111,98.3113437499999,0.229067230772569,NA,0.005132765,24.14046211,0.016156129,1.3075
7,2022,"LEWI",37.9569046818996,8.17549074074075,9.97317708333333,7.73848611111111,620.411951388889,87.6341736111112,2.65462473766154,17.7178611111111,0.447496059,170.34984615,0.034003189,1.15016450209091
7,2022,"MART",68.700986671147,9.3836458333333,NA,7.29081250000002,40.1602893518518,94.3605694444443,0.00807522520231427,12.4044604166667,NA,NA,NA,NA
7,2022,"MAYF",64.6002547043011,NA,44.0197083333333,NA,NA,NA,0.0293435366530187,24.7986931089744,0.954669659,90.44558369,0.007933988,2.366
7,2022,"MCDI",60.6120728009259,6.17582118055556,27.1552916666667,7.83439062499997,513.625989583333,76.4725069444445,0.61399573674357,23.1239226190476,0.174685952,99.15105125,0.021275581,3.33753125
7,2022,"MCRA",59.4120314740143,10.0650659722222,NA,7.3031250000001,25.492875,99.6766361111113,0.0110027437001661,NA,0.001,36.44445527,0.019905023,0.65338888875
7,2022,"OKSR",1431.45602396953,10.2650451388889,311.075885416667,7.14846064814814,56.1800740740741,109.678073611111,0.0765050912711285,9.18507166666667,0.1104302918,50.326378792,0.013152393,5.70481868130769
7,2022,"POSE",6.88756261200717,7.95016319444443,80.6444270833333,7.65174826388892,131.637708333333,92.4371250000001,0.299111959300545,20.533790922619,0.046513572,56.82282548,0.016841642,NA
7,2022,"PRIN",4.09579995519713,6.95208333333334,24.1642013888889,7.91036805555562,688.680673611112,100.618611111111,0.115265334465248,27.9049583333333,0.87941817,98.17124623,0.01705618,2.6030714285
7,2022,"SYCA",7.57059408602151,3.32903645833333,546.883020833333,7.0930104166667,600.012664930556,66.7295208333333,0.0406231903596568,24.493546875,0.171426313,514.2119653,0.011158239,2.06373076925
7,2022,"TECR",4.25526993727599,7.88176388888889,27.3590625,7.19325520833331,37.8487861111111,95.6523569444444,0.021590270135707,13.3625892857143,0.0970539625,68.728080855,0.013305947,2.1547178571
7,2022,"WALK",6.482075,8.77505729166665,5.65958333333333,8.04813715277779,261.996498263888,95.2338347222222,0.0754293102120536,18.1902040229885,0.0311113905,54.358747445,0.0098039295,0.78565
7,2022,"WLOU",67.1879504928315,8.47400520833336,17.5460833333333,7.8170902777779,90.7715736111111,101.0914375,0.0234859592611002,7.5524375,0.00478002833333333,37.5720404633333,0.0252045446666667,1.83343112246429
8,2021,"BIGC",9.31586755694928,7.07586342592592,67.04296875,7.32088194444443,274.788850694444,NA,0.0191956215982473,17.5616594202899,0.4391911485,80.027608715,0.0168451585,1.318875
8,2021,"BLDE",50.9717015843826,8.79483680555553,147.4115,7.96033055555553,NA,NA,0.0479919440525852,12.4015362654321,0.08581687,34.181324335,0.0228952305,2.2535
8,2021,"CARI",608.377643512151,12.1818055555555,NA,7.36343472222226,59.3333055555555,NA,0.445518696166394,4.26309916666667,0.112433088333333,56.2192765533333,0.0376185143333333,6.18822222207407
8,2021,"COMO",9.16601224931656,8.11034027777779,32.060625,7.05120555555553,27.8882604166667,NA,0.0503933168039835,8.66995761494253,0.0147274713333333,47.07537569,0.0228566186666667,2.85808522727273
8,2021,"MART",1.30313524920296,8.8070949074074,NA,7.24852083333331,NA,NA,0.0130880626510372,15.6850793269231,0.008800821,59.88251664,0.033058312,NA
8,2021,"MAYF",112.06633904321,7.78538368055557,22.4993333333333,5.75497916666673,15.8505486111111,NA,0.0693367281078947,NA,0.8861353265,103.77500709,0.0221490335,NA
8,2021,"PRIN",72.5024233561424,7.11654166666666,65.7306944444444,7.92240833333338,777.608454861109,NA,0.167792927266483,27.2853672839506,5.899304551,173.7371051,0.00981381,NA
8,2021,"WALK",5.80631921204532,8.90002951388889,8.31591666666666,8.03785937500003,250.233506944444,NA,0.0916764584975251,17.1052033333333,0.034020207,61.962242455,0.017441557,0.74478
8,2021,"WLOU",18.7576358100132,8.79661805555554,15.2198958333333,8.06577777777776,106.907493055556,NA,NA,7.42702678571429,0.002726994,40.18921743,0.033253989,NA
8,2022,"ARIK",0,NA,458.2896875,NA,NA,NA,NA,NA,15.18081265,330.9274729,0.003915119,11.03653333
8,2022,"BIGC",2.02581877240143,6.84572453703704,42.232875,7.32357499999997,260.130708333334,83.3472239583333,0.0412100846348229,NA,0.396039436,82.50257125,0.027109098,NA
8,2022,"BLDE",78.7546089829749,8.05861250000001,NA,7.82738541666665,NA,98.503,0.034744786575,12.21725,NA,NA,NA,NA
8,2022,"BLUE",792.185032594086,7.59700000000001,476.430833333333,7.88420601851849,550.099803240741,90.3590888888888,NA,23.4249099702381,0.9310794875,147.93014455,0.0162852075,0.9241
8,2022,"BLWA",188142.487432796,NA,436.16734375,7.85036111111111,256.1821875,NA,0.143504199369887,NA,0.291561021,50.86023152,0.013018591,NA
8,2022,"CARI",362.585569212963,12.1332513888889,342.245458333334,7.21347222222223,84.0816510416666,97.2168097222223,0.330835501736506,4.47880486111111,0.181190381,56.5624198075,0.01434554025,4.23126455025926
8,2022,"COMO",11.1435553315412,7.90684027777778,30.0759583333333,7.13325462962965,27.7194409722222,96.9662013888889,0.0439915488623736,9.21467025862069,0.023413165,57.113962185,0.029191274,3.27791428571429
8,2022,"CUPE",118.804465740741,8.08467638888887,42.8939166666667,8.25409722222222,216.430776041666,95.7421291666667,0.332982927913725,23.2075873397436,0.0203939833333333,39.31213224,0.0196304803333333,0.9190085714
8,2022,"FLNT",74335.918224537,6.90538194444445,465.718041666667,7.59133680555554,112.076388888889,90.6404513888889,NA,NA,0.1771873105,38.75514201,0.0113472165,NA
8,2022,"GUIL",315.538519560185,7.89720694444447,181.156958333333,7.87593472222225,215.123331597222,96.2577986111112,0.334903851760848,22.5622991666667,0.206449597,60.245107095,0.02045558,1.34120952380952
8,2022,"KING",5.56270967741935,6.63377777777776,51.2245833333333,7.59026562500008,639.698994791667,73.2030569444444,0.0872931067067064,18.8713402777778,0.024364619,378.22805885,0.0207158595,0.88295
8,2022,"LECO",149.722284386201,8.76725555555553,16.7542083333333,6.96282986111104,20.6939722222223,99.5015513888889,0.139122272658158,NA,0.006978402,32.7234899,0.006615165,1.01995
8,2022,"LEWI",31.8320408826165,8.04223611111112,16.3925,7.90545833333322,618.45068287037,87.0562604166667,2.54815135519148,18.0618387345679,0.3364296105,124.676147375,0.025338111,1.143166667
8,2022,"MART",41.4798543346774,9.06513888888886,NA,7.28588368055553,41.1218819444445,94.4444875000001,0.0299796128829147,14.4869094551282,0.001,48.58241241,0.012750666,NA
8,2022,"MAYF",98.8779851762821,NA,20.1552083333333,NA,NA,NA,0.0519057305815625,23.9703359375,0.958263981,86.26487873,0.006405744,NA
8,2022,"MCDI",9.03493245967742,4.596675,46.213875,7.34106249999997,560.852150462963,52.0734166666667,0.729162155734095,20.5995944940476,0.31826331,400.4875062,0.013640375,NA
8,2022,"MCRA",12.4915165770609,9.2053625,NA,7.25315277777776,28.9312361111112,94.7407951388887,0.0123992368102588,NA,0.005345704,43.17124659,0.018390154,NA
8,2022,"OKSR",997.176538194445,10.79695,256.221291666667,7.15728298611108,56.2506541666667,108.486130555556,0.0715909949811531,5.15286491935484,0.10299076625,55.4478210775,0.01262828425,5.20037566137037
8,2022,"POSE",4.31796550179212,7.99090972222226,94.739625,7.57240104166663,139.882794444445,90.4587277777778,0.279478960619122,20.3609652777778,0.0489761215,60.54803982,0.024137468,2.0825
8,2022,"PRIN",2.86632302867383,8.05790625000001,17.7581770833334,7.93649305555561,970.201465277779,101.380729166667,0.134167531692073,26.3971536458333,NA,NA,NA,NA
8,2022,"SYCA",0.4787020609319,2.73713888888889,468.205208333333,7.04626041666674,610.965565972222,31.2215034722222,0.0369950738402313,25.2536830357143,0.331006882,723.5045325,0.015565524,NA
8,2022,"TECR",2.19969466845878,7.64023148148148,19.4710069444444,7.14615393518515,38.8920798611111,93.9668796296295,0.00420880313746822,13.9996458333333,0.166931002,59.732920265,0.0126234715,2.22725
8,2022,"WALK",5.7606729390681,8.73565972222221,6.18820833333333,8.0406180555556,247.48094212963,95.1038252314814,0.0821686886800073,18.1006429597701,0.0369937965,58.655643975,0.015679378,NA
8,2022,"WLOU",31.2811145833333,8.50815972222223,12.2527916666667,7.84803125000007,105.253274305555,100.833286111111,0.025145947587232,8.01420753205128,0.004447424,40.660320475,0.02495266,1.7823285714
9,2021,"ARIK",0,NA,295.388166666667,NA,NA,NA,NA,17.7251540178571,NA,NA,NA,NA
9,2021,"BIGC",11.2905386471332,7.65064351851853,115.87375,7.37910937500001,281.805013888889,NA,0.016237917877633,14.9266987847222,0.469812646,87.8342156,0.010627767,1.2869375
9,2021,"BLDE",50.2946493055556,9.09217361111111,220.082083333333,7.98629513888885,113.156857638889,NA,0.0582634501114309,8.75249479166667,0.038595603,45.382913015,0.031192032,2.43796825395238
9,2021,"BLUE",1391.12570833333,8.7955509259259,487.196291666667,8.1372430555556,554.711159722222,99.06075,0.444635933881579,16.0815171130952,0.435809659,104.6194828,0.015789379,NA
9,2021,"CARI",453.924407952852,12.8619458333333,NA,7.59807870370375,78.114517361111,NA,0.456393026253416,2.47354166666667,NA,NA,NA,4.34875
9,2021,"COMO",3.321769944538,NA,23.7901041666667,7.32727430555552,32.2850671296296,100.135104166667,0.0299271419047247,6.4278768115942,0.010175968,50.306185165,0.035308305,1.8425
9,2021,"HOPB",120.207902777778,9.37636458333335,7.18766666666666,7.05058333333333,95.745662037037,98.7579027777778,0.0626023868396004,16.0555536858974,0.0786208935,42.185629125,0.0312289705,4.27
9,2021,"KING",3.12623958333333,6.02286111111112,NA,7.32866319444445,654.496319444444,67.3878194444444,0.154862802091649,17.5292525,0.534447709,507.1641277,0.016806471,NA
9,2021,"LECO",146.531777777778,9.27344618055556,19.4337916666667,6.80383680555551,16.9434201388889,NA,0.153061361535139,NA,0.003528849,30.719681525,0.0162251815,0.948404017875
9,2021,"LEWI",52.3775555555556,8.81792881944444,NA,7.89443749999999,609.927069444444,88.1749444444444,2.58471954487839,16.7635455246914,0.3539226065,153.45970775,0.0336077,1.32990816328571
9,2021,"MART",27.7953731707028,9.66843402777775,NA,7.25977777777773,41.2191840277778,96.4168009259258,0.0478028139468437,12.6811476449275,0.0054945405,73.1071617,0.017890978,0.6397
9,2021,"POSE",4.34544791666667,8.45122916666664,47.2821666666667,7.5742106481482,112.814048611111,90.5192638888889,NA,15.9018072916667,0.034985769,62.17016052,0.01048488,2.3282142855
9,2021,"PRIN",15.1338451644626,7.86343229166667,41.8781944444444,7.99766319444446,739.920697916667,80.8537916666666,0.128555490345572,23.2441775,0.908557309,115.031987,0.015948593,2.46717032969231
9,2021,"REDB",16.3849375,10.3300138888889,52.2796527777778,NA,NA,NA,0.00904171654786937,9.97903333333334,0.007802086,45.749195475,0.0291710075,1.414
9,2021,"TECR",2.35847222222222,7.39646527777778,43.1149583333333,7.18426388888888,37.8637986111111,90.2165624999999,0.00842948864561107,10.88019,0.153210402,78.90018207,0.031057232,NA
9,2021,"WALK",9.57167472196397,9.08613888888885,9.04192708333333,7.97090277777771,254.547274305556,NA,0.0850693950573883,16.1496435185185,0.021896078,57.2598399,0.009887108,0.65294
9,2021,"WLOU",15.5692285217493,8.73452083333333,16.7538333333333,8.00464236111115,110.217891203704,100.445891666667,0.00984116578124999,5.75087137681159,0.0048926015,45.287264845,0.021654007,1.283
9,2022,"ARIK",0,NA,299.701375,NA,NA,NA,NA,NA,NA,NA,NA,NA
9,2022,"BIGC",2.8550125,7.97131076388888,13.406875,7.36639305555555,270.272137152777,85.8255902777777,0.0178258999828819,16.2524055059524,0.365654763,80.993363535,0.0186788495,1.6465
9,2022,"BLDE",111.800542824074,8.98301527777776,122.550291666667,7.90677500000004,107.3189375,98.5273611111112,0.0359649332572115,9.76025431034482,NA,NA,NA,NA
9,2022,"BLUE",689.158023842593,8.37063541666666,522.795729166667,7.77938194444441,552.842583333333,95.1131822916666,NA,21.6994769345238,0.6144725925,137.6727419,0.0296051055,1.05400875
9,2022,"BLWA",171836.244236111,7.26128472222222,461.76875,7.8821701388889,254.337395833333,NA,0.119635860006376,NA,0.2532928495,44.50242547,0.012470231,NA
9,2022,"CARI",323.533512615741,12.7253708333333,106.112013888889,7.24390972222228,87.5845416666667,97.9972824074074,0.371207758148832,2.73813715277778,0.187090047,49.571324265,0.013840819,3.83529846935714
9,2022,"COMO",2.66191257440476,8.67027777777777,27.6905555555555,7.31603009259257,33.3502708333334,99.9774467592592,0.0357368248345588,6.81060096153846,0.029000702,53.61499336,0.024227271,NA
9,2022,"CUPE",231.568478252924,NA,27.7156944444445,NA,NA,NA,0.349021052454321,NA,0.0065276695,34.84576761,0.0137752245,1.40130952383333
9,2022,"GUIL",222.11424754902,7.87064814814815,110.4928125,8.02112152777779,208.437108796296,97.0884340277779,0.289491739607892,22.5907986111111,0.2323083835,56.698243955,0.0177824435,1.31200909090909
9,2022,"HOPB",48.3053561197917,9.47529999999999,8.61618055555556,7.03473437499998,149.750829166667,95.2634884259258,0.0908012278421626,14.6225776515151,0.0988229935,41.6663623,0.0112243725,4.3335
9,2022,"KING",1.82306064814815,6.90010833333333,61.31275,7.55682638888893,647.811316666667,71.9055243055556,0.0703474181869849,17.7852584876543,0.048576265,398.5471273,0.015180108,NA
9,2022,"LECO",63.4345138888889,9.09064583333331,26.6625416666667,6.89962499999997,21.9408361111111,99.1878444444445,0.153826672725552,NA,0.0067860745,32.735370245,0.015142986,0.92566666675
9,2022,"LEWI",15.9578265046296,8.18590277777776,34.8990833333333,7.85534027777777,619.667548611111,88.9943333333333,2.52488171678882,16.1047275,0.4149784765,132.3650762,0.051148512,1.20303476193333
9,2022,"MAYF",48.1032951388889,NA,10.068125,NA,NA,NA,0.0139553426753154,21.30204375,0.9864537045,109.30345895,0.011709366,2.4925
9,2022,"MCDI",6.40456400462963,3.41859953703703,56.16984375,7.09666666666669,569.163036111111,33.2790532407407,0.750855382521552,17.6859166666667,1.12927597,486.3166483,0.04540921,1.56666666675
9,2022,"MCRA",9.77492650462963,9.28147361111113,3.76066666666667,7.22265624999997,29.3835652777778,95.0706371527777,0.0142894182986931,11.4986758333333,NA,NA,NA,NA
9,2022,"OKSR",632.912190393518,10.9957777777777,148.145972222222,7.22074999999992,56.1872777777777,96.4619814814815,0.0745343308233173,2.15843055555556,0.10674079725,54.08828833,0.0147832935,4.83691758242308
9,2022,"POSE",3.79889074074074,8.23159953703701,46.5955,7.62394444444451,145.556583333333,88.7126291666667,0.196499432468254,17.6134483333333,0.027368521,80.4589491,0.019929664,2.27042857133333
9,2022,"PRIN",4.68452743055556,8.08677083333333,12.4410416666667,7.94570833333336,955.174166666666,88.1455416666667,0.011438805,25.6569791666667,0.674559937,96.62027693,0.015121396,2.84266666675
9,2022,"SYCA",0,2.77760416666666,410.954208333333,6.95518055555553,637.793390625,31.4965277777778,0.0278658193791778,24.3140587797619,0.424785771,862.8728377,0.019398923,NA
9,2022,"TECR",4.98740046296296,9.82753194444446,38.09,7.21579722222222,38.1608454861111,94.3348736111111,0.0287317277964427,11.9959150641026,0.079265659,53.84138549,0.011827081,NA
9,2022,"WALK",5.86157002314815,9.05010069444442,6.6555,8.07159027777785,268.389859722222,95.896175,0.0824624719013298,16.7948787202381,0.042198306,59.16864977,0.013450907,0.752083333363636
9,2022,"WLOU",19.2301412037037,9.00299583333333,16.1610416666666,8.08679861111113,112.680444444444,102.310451388889,0.0144447684781938,6.13039732142857,0.001271433,42.707665975,0.028931697,1.312
10,2021,"ARIK",0,NA,191.162583333333,NA,NA,NA,NA,9.28106968390805,NA,NA,NA,NA
10,2021,"BIGC",26.2787411514337,8.56761805555557,NA,7.2770138888889,289.916784722222,85.9037847222223,0.0222250988020833,10.2457664930556,0.370379006,79.78877977,0.04059296,NA
10,2021,"BLDE",40.3406712589606,10.5121857638889,130.659333333333,7.9732777777779,112.431888888889,101.081314236111,NA,3.61442708333333,0.02767816,46.96722379,0.037309109,2.19516666675
10,2021,"BLUE",933.14581328405,9.30926041666666,284.704208333333,8.12115694444447,560.156600694444,97.8864131944443,0.528488743372231,13.2123685897436,0.382569919,112.85012449,0.0240035915,1.0036
10,2021,"BLWA",265576.054192387,NA,228.074930555556,NA,NA,NA,0.473648604661757,NA,0.185705381,46.17678196,0.001,NA
10,2021,"CARI",297.822526234568,13.4953819444444,NA,NA,84.8815347222223,NA,0.4472572755,0.654868055555556,NA,NA,NA,NA
10,2021,"COMO",2.64796404569892,9.63931712962964,26.4446180555556,7.25965972222225,33.1288611111111,97.7378333333332,0.0446352141972649,2.7690306372549,0.011004783,53.22265334,0.016328825,NA
10,2021,"CUPE",74.4923627025463,8.09716319444448,24.4823611111111,8.17791666666665,278.45305787037,95.6105763888887,0.336382138144947,23.146634469697,0.011792796,35.7593861166667,0.0126233906666667,1.60243452382143
10,2021,"FLNT",198423.993445341,NA,362.41525,NA,NA,NA,0.91177594491489,NA,NA,NA,NA,NA
10,2021,"GUIL",445.562317528736,NA,NA,NA,NA,NA,NA,NA,0.196383711666667,42.55816092,0.013766969,1.49171840660714
10,2021,"HOPB",245.478657370072,10.0746197916666,34.3745833333333,7.06944675925926,96.7270243055555,97.6825027777777,0.0425660983853739,12.24021,0.099494194,47.40615911,0.032174233,NA
10,2021,"KING",1.24126355286738,5.92784583333333,NA,7.36440798611109,656.356268055556,53.6386875,0.153397926855919,14.166688172043,1.25798949,488.8416256,0.028831462,NA
10,2021,"LECO",189.350147401434,9.53142083333332,18.5065416666667,6.81744861111109,18.947175,99.4133972222222,0.0957976725569978,NA,0.002245592,40.83554996,0.018400073,0.996971428545455
10,2021,"LEWI",17.0711101030466,8.88275138888888,NA,7.85642129629629,623.316945601852,88.3384467592592,2.54122903538478,14.7519918478261,0.302895673,167.3202317,0.042461779,1.594025974
10,2021,"MART",143.39912359991,10.7754375,NA,7.29630208333342,40.4576666666666,95.9493819444444,0.0319777862833059,9.03134236111111,0.007645456,51.35951373,0.01691904,1.9480384615
10,2021,"MAYF",71.5460744791667,8.81990104166665,11.9980416666667,5.9142708333333,13.7200569444445,91.8497013888888,NA,NA,0.8578953505,93.326183625,0.0122247715,NA
10,2021,"MCDI",3.93327609767025,4.62457638888889,NA,7.33189583333332,589.973085069444,58.8599722222222,0.544381760585526,15.8639296875,0.459707053,344.801896,0.035157788,1.61771428575
10,2021,"MCRA",22.2548801523297,10.8801944444444,3.16659722222222,NA,27.9628576388889,99.5317777777777,0.0029696023051948,7.825625,NA,NA,NA,NA
10,2021,"OKSR",1146.71798163082,NA,NA,NA,NA,NA,NA,NA,0.238662521666667,168.0191118,0.0347352623333333,3.46126373628571
10,2021,"POSE",8.63274502314815,9.05066840277776,42.2173958333333,7.62214236111125,135.477810763889,90.4129496527779,NA,15.0678418209877,0.0446298285,62.214955785,0.0169554685,2.7410571429
10,2021,"PRIN",67.4670480510753,7.98310763888889,18.61203125,8.06987638888889,392.180602430555,88.1048055555555,0.291220100054348,18.0676408045977,1.0166529635,85.64491826,0.0158080795,3.3856571428
10,2021,"TECR",3.37742282706093,9.97449305555556,25.7730416666667,7.27521064814809,41.0967905092593,99.553412037037,0.0262664156582126,5.89689342948718,0.047787462,48.63256473,0.021472737,NA
10,2021,"WALK",11.525657594086,9.23901111111111,23.13421875,7.9593472222222,222.0173625,95.1651444444445,0.0438647256945636,14.8388125,0.029247566,76.30119581,0.012763029,NA
10,2021,"WLOU",9.75123174283155,9.71706666666665,4.779375,8.09385416666675,112.623530555556,99.0846,0.0303338129607766,1.90787351190476,0.00247746,52.557558,0.024463513,1.26356666666667
11,2021,"ARIK",0,6.46706423611111,136.042083333333,7.70627083333306,617.116997685185,60.9014861111111,0.0777482464268152,4.98965833333333,39.07590619,507.0831223,0.011412883,NA
11,2021,"BIGC",29.2011402777778,NA,35.4327604166667,NA,NA,NA,0.018501683475,7.58469521604938,0.56408946,108.2921488,0.01784949,NA
11,2021,"BLDE",56.0515516493056,11.5391402777777,96.1220416666667,7.80219444444442,120.745459722222,100.437809027778,0.0305250180803571,1.75408928571428,0.035009152,59.938903495,0.044644471,2.454
11,2021,"BLUE",1021.1561125,NA,288.514291666667,8.08986342592589,572.212394444444,NA,0.531515600671875,9.62702873563218,0.282467186,85.360685665,0.0279762585,1.00435
11,2021,"BLWA",172141.191605392,NA,281.251458333333,NA,NA,NA,0.425016000746532,NA,0.1569418105,68.55558857,0.0177773915,2.876
11,2021,"COMO",2.39516726532567,9.89965798611114,19.2449166666667,NA,33.8998986111111,96.8080642361111,0.073324831328125,0.540016666666667,0.010572939,63.88791067,0.045041032,NA
11,2021,"CUPE",47.326391087963,8.07786342592589,28.1286458333333,NA,282.292364583333,96.2305381944445,0.343316913436733,22.3193498263889,0.0127574103333333,36.7527160666667,0.0179326036666667,1.3416333333
11,2021,"FLNT",123023.314660494,NA,324.438791666667,7.68472222222222,NA,92.1597222222222,1.04347622074086,NA,NA,NA,NA,NA
11,2021,"GUIL",215.238235243056,NA,NA,NA,NA,NA,NA,NA,0.1607923435,55.080836115,0.0175797225,1.18985714285714
11,2021,"HOPB",307.705714930556,12.1673347222222,27.7648958333333,6.95661805555546,68.0567378472222,98.5425503472221,0.044653173198697,4.77073302469136,0.0660250915,45.626098145,0.029927319,3.064
11,2021,"KING",0.653129398148148,6.12805092592592,NA,7.37782291666661,659.906925347222,51.0051631944444,0.0813631948369565,8.77016820987654,2.044413027,806.7916663,0.012704326,1.6545
11,2021,"LECO",144.907711805556,10.8494805555555,37.1405833333333,6.73821180555559,19.0739944444444,100.975294444444,0.0465534316796875,NA,0.001821698,41.28001971,0.0147236265,1.17216666666667
11,2021,"LEWI",21.2754416666667,10.3906921296296,NA,7.87587962962973,617.693236111111,89.0070777777778,2.38486221835665,8.30269916666667,0.359326791,174.3916943,0.051268746,1.2905
11,2021,"MART",798.374572453704,11.3007222222223,NA,7.18001736111109,37.7875902777778,99.3276423611111,0.0124149361275202,7.66545535714286,0.00489882033333333,56.2777089833333,0.016191645,1.29156282051852
11,2021,"MAYF",118.195958796296,NA,26.1553333333333,NA,13.4362708333333,94.1784652777778,NA,14.3385069444444,0.962513388,101.15831606,0.010055427,2.398
11,2021,"MCDI",9.82611342592593,7.99982407407408,NA,7.58446875000005,620.175425925925,70.4356388888889,0.220075784423077,10.4060729166667,0.098366714,313.9469498,0.040383619,NA
11,2021,"MCRA",241.615808449074,12.337638888889,1.14416666666667,7.1979444444443,24.2763472222222,100.5458125,0.00799470951169301,5.58929427083333,0.001,43.9708366233333,0.0358326866666667,0.871645833333333
11,2021,"OKSR",806.681495896465,NA,NA,NA,NA,NA,NA,NA,NA,NA,NA,NA
11,2021,"POSE",5.45811770833333,11.1374565972222,61.1130208333334,7.64049305555553,115.919998263889,94.73109375,NA,6.28503685897436,0.0221159983333333,63.2852404266667,0.0319609073333333,1.81288
11,2021,"PRIN",33.7165958333333,10.2302694444444,16.7245833333333,8.23165972222222,759.287026041666,92.9253784722222,0.255508166069022,9.62289062499999,0.747469389,91.011355675,0.024521879,3.4585
11,2021,"TECR",3.20576666666667,10.1534847222222,36.4821527777778,7.1478750000001,34.9218722222223,98.1143694444444,0.0228203399324665,3.95173958333333,0.028726325,51.76753955,0.016382592,NA
11,2021,"WALK",12.742565162037,10.3886055555556,56.1935,8.0565069444444,249.273539351852,96.3755208333333,0.0974620328311562,10.1389479166667,0.0224489155,58.305756225,0.0176199045,1.1805
11,2021,"WLOU",2.64452800925926,10.2905319444445,4.11758333333333,8.05917361111121,111.862211805556,100.6537875,0.0547726670804615,0.304735576923077,0.006496211,49.913080715,0.042958467,1.31801428571429
12,2021,"ARIK",1.15446830197133,7.56696527777776,114.278791666667,8.04090972222224,580.744659722222,63.9297378472222,0.103173393322838,2.38159455128205,0.516051384,241.372881,0.03782936,NA
12,2021,"BIGC",83.5256963601533,NA,34.3422222222222,NA,276.988520833333,NA,0.0768190503556922,5.57287326388889,NA,NA,NA,NA
12,2021,"BLDE",59.3973385416666,11.6862673611111,52.3025,7.77479166666671,118.943445833333,98.7571319444444,0.082203994401567,NA,0.009167942,54.73050709,0.043028711,NA
12,2021,"BLUE",915.42855342742,NA,206.031284722222,8.09074305555559,572.80196875,NA,0.543183378423913,9.46336781609196,0.349445551,138.0635791,0.0244800205,1.01005
12,2021,"CARI",49.5759166666667,NA,NA,NA,NA,NA,NA,NA,NA,NA,NA,NA
12,2021,"COMO",2.19424795751634,9.04554687500003,10.8711458333333,NA,35.3087899305555,89.7447552083333,0.108545672008929,NA,0.024996802,163.4474869,0.035536589,NA
12,2021,"CUPE",52.1154765046296,8.19656111111114,26.7965277777778,NA,287.986409722222,97.005338888889,0.358442801700121,21.8567091049383,0.003504828,25.20470475,0.020570429,1.22866666671429
12,2021,"GUIL",119.115923295455,NA,NA,NA,NA,NA,NA,NA,0.072469669,40.339887425,0.0232121345,1.19
12,2021,"HOPB",318.251464814815,13.7034027777778,32.1641666666667,6.92463888888893,82.6565069444445,99.7261631944446,0.061994907816446,2.27702314814815,0.0463774965,46.344114905,0.0339123055,2.282125
12,2021,"KING",0.299354614695341,7.2069074074074,NA,7.44918888888891,654.4039,64.1440847222222,0.0392612777064474,6.77568898809524,1.230881286,702.2207066,0.015091204,NA
12,2021,"LECO",167.433310371864,10.789975,40.2382291666667,6.8186354166667,20.262880787037,98.1858847222221,0.136923980572656,NA,0.0039110105,35.074300245,0.0246615185,1.2105
12,2021,"LEWI",20.1290759408602,10.8074930555556,69.6539583333333,7.93396701388885,613.974010416666,92.5081222222221,2.43835700251069,7.39466025641025,0.2275152485,172.78554595,0.051689991,1.11285
12,2021,"MAYF",238.501262152778,NA,27.4390833333333,NA,NA,NA,0.0201197865430672,12.2135452898551,0.797067947,153.6358619,0.023808281,1.891
12,2021,"MCDI",18.6861597222222,9.06108333333333,NA,7.73790046296299,621.034875000001,79.8566111111111,0.17885117560741,7.70985863095238,NA,NA,NA,NA
12,2021,"MCRA",251.922524025538,12.1666684027777,2.90504166666667,7.24136805555544,23.2956944444444,99.4129837962964,0.00655348203125,4.23323958333333,0.001,43.89081062,0.035784113,0.9731
12,2021,"POSE",4.38923207885305,11.6180833333333,53.4139583333333,7.66510185185185,120.512795138889,92.4412135416667,0.290283805248383,5.21867025862069,0.013069026,66.5561581,0.036038127,1.766
12,2021,"PRIN",38.024033266129,11.5749486111111,45.2670833333333,8.23609027777772,795.89447800926,98.4461527777777,0.221507454539053,9.18849404761905,0.570913753,96.99099311,0.034141345,NA
12,2021,"TECR",3.09398741319444,10.9013472222222,12.5097916666667,7.25059375000004,32.8855902777778,95.9286145833333,0.00819179727272727,1.64045089285714,NA,NA,NA,NA
12,2021,"WALK",36.2743599910394,10.5711493055556,49.3995833333334,7.65255092592594,171.274829861111,110.9781875,0.0390926536253289,11.6572065217391,0.0190425215,59.26578331,0.025016499,1.38551131223529
12,2021,"WLOU",0.00670474910394265,10.1914277777778,1.56045138888889,NA,114.137308333333,99.4507055555556,0.0612166225062134,0.05421875,NA,NA,NA,NA
