"month","year","site_code","var","monthly_avg"
1,2021,"ARIK","DO",10.5148194444444
1,2021,"ARIK","PAR",121.268666666667
1,2021,"ARIK","pH",8.03215833333339
1,2021,"ARIK","spCond",529.550180555555
1,2021,"BIGC","DO",10.9295930555556
1,2021,"BIGC","PAR",31.71046875
1,2021,"BIGC","pH",7.29526736111108
1,2021,"BIGC","spCond",212.370956018518
1,2021,"BLDE","PAR",75.0927777777778
1,2021,"COMO","PAR",14.4662916666667
1,2021,"CUPE","DO",8.47375868055548
1,2021,"CUPE","PAR",26.2482291666666
1,2021,"CUPE","pH",8.19548842592588
1,2021,"CUPE","spCond",304.344807870371
1,2021,"FLNT","PAR",308.528229166667
1,2021,"GUIL","DO",8.2839375
1,2021,"GUIL","PAR",55.69125
1,2021,"GUIL","pH",8.01345833333333
1,2021,"GUIL","spCond",233.138534722222
1,2021,"HOPB","DO",13.9561111111111
1,2021,"HOPB","PAR",26.8943333333333
1,2021,"HOPB","spCond",83.7874513888889
1,2021,"LECO","DO",11.3595451388889
1,2021,"LECO","PAR",25.9227083333333
1,2021,"LECO","pH",6.6245578703704
1,2021,"LECO","spCond",16.3872777777777
1,2021,"LEWI","DO",11.1634097222222
1,2021,"LEWI","PAR",75.0358333333335
1,2021,"LEWI","pH",7.9839583333332
1,2021,"LEWI","spCond",616.163388888889
1,2021,"MART","pH",7.05726388888889
1,2021,"MART","spCond",36.1663090277778
1,2021,"MAYF","DO",10.7793805555556
1,2021,"MAYF","PAR",15.6515416666667
1,2021,"MAYF","pH",5.82014722222221
1,2021,"MAYF","spCond",11.5461388888888
1,2021,"MCDI","DO",11.3362065972222
1,2021,"MCDI","PAR",121.0765625
1,2021,"MCDI","pH",7.6495954861111
1,2021,"MCDI","spCond",590.625983796296
1,2021,"MCRA","DO",11.7910208333333
1,2021,"MCRA","pH",7.1514305555556
1,2021,"MCRA","spCond",21.2967569444444
1,2021,"POSE","DO",12.8489444444445
1,2021,"POSE","PAR",60.1710416666667
1,2021,"POSE","pH",7.67057986111104
1,2021,"POSE","spCond",111.844902777777
1,2021,"PRIN","DO",11.9599913194445
1,2021,"PRIN","PAR",67.1694166666667
1,2021,"PRIN","pH",8.16582500000001
1,2021,"PRIN","spCond",785.520191666667
1,2021,"REDB","PAR",30.3710416666666
1,2021,"REDB","spCond",647.659336805556
1,2021,"SYCA","PAR",182.272291666667
1,2021,"TECR","DO",11.7875708333334
1,2021,"TECR","spCond",35.3600243055556
1,2021,"WALK","DO",11.4700986111111
1,2021,"WALK","PAR",41.342
1,2021,"WALK","pH",8.03161805555562
1,2021,"WALK","spCond",208.623009259259
1,2021,"WLOU","DO",10.543224537037
1,2021,"WLOU","PAR",4.77192708333333
1,2021,"WLOU","spCond",113.337847222222
1,2022,"ARIK","DO",8.41459999999999
1,2022,"ARIK","DO_sat",72.6523923611111
1,2022,"ARIK","PAR",138.798888888889
1,2022,"ARIK","pH",8.03250694444443
1,2022,"ARIK","spCond",557.009090277778
1,2022,"BIGC","PAR",61.6302604166667
1,2022,"BIGC","pH",7.22515277777783
1,2022,"BIGC","spCond",180.128541666667
1,2022,"BLDE","DO",11.7838458333333
1,2022,"BLDE","DO_sat",99.2719496527777
1,2022,"BLDE","PAR",76.390375
1,2022,"BLDE","pH",7.7606250000001
1,2022,"BLDE","spCond",117.739337962963
1,2022,"BLUE","DO",10.8018402777778
1,2022,"BLUE","DO_sat",95.2920208333333
1,2022,"BLUE","PAR",287.920541666667
1,2022,"BLUE","pH",8.19042638888886
1,2022,"BLUE","spCond",562.693044444444
1,2022,"BLWA","DO",10.0102083333333
1,2022,"BLWA","PAR",274.740416666667
1,2022,"BLWA","pH",7.41469618055556
1,2022,"COMO","DO",9.66636979166677
1,2022,"COMO","DO_sat",96.2101545138889
1,2022,"COMO","PAR",11.4125416666667
1,2022,"COMO","pH",6.83143055555552
1,2022,"COMO","spCond",35.7174027777778
1,2022,"CUPE","DO",8.42782222222223
1,2022,"CUPE","DO_sat",97.0329045138889
1,2022,"CUPE","PAR",30.8174479166667
1,2022,"CUPE","pH",8.28822222222229
1,2022,"CUPE","spCond",292.801010416667
1,2022,"FLNT","DO",10.7577083333333
1,2022,"FLNT","DO_sat",95.7420138888888
1,2022,"FLNT","PAR",272.968645833333
1,2022,"FLNT","pH",7.32913194444443
1,2022,"FLNT","spCond",92.9076388888889
1,2022,"HOPB","DO",13.6808680555555
1,2022,"HOPB","DO_sat",99.3026749999999
1,2022,"HOPB","pH",6.75341666666678
1,2022,"HOPB","spCond",100.792443055556
1,2022,"KING","DO",9.27397685185186
1,2022,"KING","DO_sat",78.2164461805556
1,2022,"KING","pH",7.54320486111108
1,2022,"KING","spCond",651.868217592592
1,2022,"LECO","DO",11.8732170138889
1,2022,"LECO","DO_sat",100.218236111111
1,2022,"LECO","PAR",55.5588333333333
1,2022,"LECO","pH",6.80609201388893
1,2022,"LECO","spCond",17.1424809027777
1,2022,"LEWI","DO",12.2706753472222
1,2022,"LEWI","DO_sat",90.9991342592592
1,2022,"LEWI","PAR",96.9967708333335
1,2022,"LEWI","pH",7.90788715277775
1,2022,"LEWI","spCond",621.047430555555
1,2022,"MART","DO",12.4896916666667
1,2022,"MART","DO_sat",98.6596319444445
1,2022,"MART","spCond",34.3724699074074
1,2022,"MAYF","PAR",34.11296875
1,2022,"MCDI","DO",10.8051550925926
1,2022,"MCDI","DO_sat",83.3913125000001
1,2022,"MCDI","PAR",92.8717708333335
1,2022,"MCDI","pH",7.74059722222228
1,2022,"MCDI","spCond",617.318500000001
1,2022,"MCRA","DO",12.4996371527778
1,2022,"MCRA","DO_sat",100.099552083333
1,2022,"MCRA","PAR",1.370625
1,2022,"MCRA","spCond",22.2708125
1,2022,"POSE","DO",12.7844444444444
1,2022,"POSE","DO_sat",92.26465625
1,2022,"POSE","PAR",58.0574583333333
1,2022,"POSE","pH",7.57700694444434
1,2022,"POSE","spCond",111.205493055555
1,2022,"PRIN","DO",12.0947291666667
1,2022,"PRIN","DO_sat",104.642805555556
1,2022,"PRIN","PAR",49.2071354166667
1,2022,"PRIN","pH",8.23934722222224
1,2022,"PRIN","spCond",803.184321180555
1,2022,"REDB","DO",11.8858375
1,2022,"REDB","DO_sat",102.491232638889
1,2022,"REDB","PAR",34.5460416666667
1,2022,"REDB","pH",8.47768402777763
1,2022,"REDB","spCond",729.276946180556
1,2022,"SYCA","DO",9.98055555555557
1,2022,"TECR","DO",10.9132743055556
1,2022,"TECR","DO_sat",97.5643437499998
1,2022,"TECR","PAR",33.4457638888889
1,2022,"TECR","pH",7.06796527777787
1,2022,"TECR","spCond",31.2925347222222
1,2022,"WALK","DO",10.7743287037037
1,2022,"WALK","DO_sat",102.049276041667
1,2022,"WALK","PAR",47.6005729166667
1,2022,"WALK","pH",7.56112499999997
1,2022,"WALK","spCond",129.6230625
1,2022,"WLOU","DO",10.3189041666667
1,2022,"WLOU","DO_sat",100.968880555556
1,2022,"WLOU","PAR",2.390625
1,2022,"WLOU","spCond",115.665141666667
2,2021,"ARIK","DO",9.22865972222226
2,2021,"ARIK","PAR",186.699305555555
2,2021,"ARIK","pH",7.98946874999997
2,2021,"ARIK","spCond",533.081071759259
2,2021,"BIGC","DO",10.8718368055556
2,2021,"BIGC","PAR",36.3589166666667
2,2021,"BIGC","spCond",165.850576388889
2,2021,"BLDE","PAR",108.629333333333
2,2021,"BLUE","PAR",108.148541666667
2,2021,"COMO","PAR",16.5672916666667
2,2021,"CUPE","DO",8.266225
2,2021,"CUPE","PAR",37.2079166666667
2,2021,"CUPE","pH",8.18534027777776
2,2021,"CUPE","spCond",299.914886574074
2,2021,"FLNT","PAR",247.653041666667
2,2021,"GUIL","pH",7.94281944444443
2,2021,"HOPB","DO",13.962295138889
2,2021,"HOPB","PAR",30.4534375
2,2021,"HOPB","pH",6.85736111111119
2,2021,"HOPB","spCond",103.75103125
2,2021,"LECO","DO",11.8432465277778
2,2021,"LECO","PAR",78.5982083333333
2,2021,"LECO","pH",6.75696527777779
2,2021,"LECO","spCond",16.3341555555555
2,2021,"LEWI","DO",11.8637638888889
2,2021,"LEWI","PAR",55.3368055555555
2,2021,"LEWI","pH",7.9362604166666
2,2021,"LEWI","spCond",601.04262962963
2,2021,"MAYF","DO",10.9666277777778
2,2021,"MAYF","PAR",10.5377083333333
2,2021,"MAYF","pH",5.76053124999999
2,2021,"MAYF","spCond",10.8361319444444
2,2021,"MCDI","DO",11.538587962963
2,2021,"MCDI","PAR",209.653333333334
2,2021,"MCDI","pH",7.86014583333332
2,2021,"MCDI","spCond",612.946166666667
2,2021,"MCRA","DO",12.3262986111112
2,2021,"MCRA","PAR",3.16979166666667
2,2021,"MCRA","spCond",22.6513194444444
2,2021,"POSE","DO",12.9383763888889
2,2021,"POSE","PAR",70.7344166666667
2,2021,"POSE","pH",7.70700347222225
2,2021,"POSE","spCond",100.247149305556
2,2021,"PRIN","DO",12.9806180555556
2,2021,"PRIN","PAR",89.0786805555555
2,2021,"PRIN","pH",8.15874768518523
2,2021,"PRIN","spCond",803.615944444445
2,2021,"REDB","DO",11.7649861111111
2,2021,"REDB","PAR",39.1232291666667
2,2021,"REDB","spCond",665.478361111111
2,2021,"TECR","DO",11.2581481481481
2,2021,"TECR","PAR",46.6321875
2,2021,"TECR","pH",7.34845601851849
2,2021,"TECR","spCond",34.010213888889
2,2021,"WALK","DO",10.6140638888889
2,2021,"WALK","PAR",105.185104166667
2,2021,"WALK","pH",7.73488194444436
2,2021,"WALK","spCond",144.432350694444
2,2021,"WLOU","DO",10.5008697916665
2,2021,"WLOU","PAR",3.78795833333333
2,2021,"WLOU","spCond",113.646361111111
2,2022,"ARIK","DO",9.87647916666666
2,2022,"ARIK","DO_sat",73.7779444444444
2,2022,"ARIK","PAR",176.985347222222
2,2022,"ARIK","pH",7.9720381944445
2,2022,"ARIK","spCond",531.073918981482
2,2022,"BIGC","PAR",72.2606770833332
2,2022,"BIGC","spCond",189.790006944445
2,2022,"BLDE","DO",11.7275572916667
2,2022,"BLDE","DO_sat",99.3791000000001
2,2022,"BLDE","pH",7.77045601851859
2,2022,"BLDE","spCond",120.50905
2,2022,"BLUE","DO",12.3403402777778
2,2022,"BLUE","DO_sat",108.017104166667
2,2022,"BLUE","PAR",270.524166666667
2,2022,"BLUE","pH",8.14616435185189
2,2022,"BLUE","spCond",559.151925925927
2,2022,"BLWA","PAR",232.015416666667
2,2022,"BLWA","pH",7.27871527777777
2,2022,"COMO","DO",9.90966203703702
2,2022,"COMO","DO_sat",96.5450902777777
2,2022,"COMO","PAR",22.922875
2,2022,"COMO","pH",7.01501157407412
2,2022,"COMO","spCond",35.9675260416667
2,2022,"CUPE","DO",8.35333333333331
2,2022,"CUPE","DO_sat",95.0013518518519
2,2022,"CUPE","PAR",34.1942083333333
2,2022,"CUPE","pH",8.27044097222224
2,2022,"CUPE","spCond",283.957751388889
2,2022,"FLNT","DO",9.37909722222222
2,2022,"FLNT","PAR",317.852864583333
2,2022,"FLNT","spCond",104.8671875
2,2022,"GUIL","DO_sat",96.9820416666666
2,2022,"GUIL","PAR",47.1419444444445
2,2022,"GUIL","pH",7.93159027777773
2,2022,"GUIL","spCond",235.766847222222
2,2022,"HOPB","DO",14.3094930555556
2,2022,"HOPB","DO_sat",101.400949652778
2,2022,"HOPB","pH",6.57681944444439
2,2022,"HOPB","spCond",98.7946388888889
2,2022,"KING","DO",8.93925555555556
2,2022,"KING","DO_sat",74.1064618055556
2,2022,"KING","pH",7.50809583333335
2,2022,"KING","spCond",659.164930555556
2,2022,"LECO","DO",12.4509907407408
2,2022,"LECO","DO_sat",105.704652777778
2,2022,"LECO","PAR",97.38671875
2,2022,"LECO","pH",6.70042187499997
2,2022,"LECO","spCond",16.3416579861111
2,2022,"LEWI","DO",11.4082888888889
2,2022,"LEWI","DO_sat",92.0790375
2,2022,"LEWI","PAR",136.083472222222
2,2022,"LEWI","pH",7.94230902777774
2,2022,"LEWI","spCond",589.738335069445
2,2022,"MART","DO",12.3458148148148
2,2022,"MART","DO_sat",97.8276024305555
2,2022,"MART","pH",7.18941319444447
2,2022,"MART","spCond",34.2529114583332
2,2022,"MAYF","PAR",40.4644270833333
2,2022,"MCDI","DO",10.8463842592592
2,2022,"MCDI","DO_sat",83.3141736111112
2,2022,"MCDI","PAR",252.130104166667
2,2022,"MCDI","pH",7.68251388888893
2,2022,"MCDI","spCond",618.249809027778
2,2022,"MCRA","DO",12.5359635416667
2,2022,"MCRA","DO_sat",97.9828159722222
2,2022,"MCRA","PAR",3.26180555555556
2,2022,"MCRA","spCond",21.839550925926
2,2022,"POSE","DO",12.5753194444444
2,2022,"POSE","DO_sat",91.2721440972222
2,2022,"POSE","PAR",114.730572916667
2,2022,"POSE","pH",7.60787731481482
2,2022,"POSE","spCond",100.098765625
2,2022,"PRIN","DO",12.4666822916667
2,2022,"PRIN","DO_sat",104.347
2,2022,"PRIN","PAR",70.3554166666667
2,2022,"PRIN","pH",8.28588888888889
2,2022,"PRIN","spCond",683.960203703703
2,2022,"REDB","DO",11.988828125
2,2022,"REDB","DO_sat",101.166291666667
2,2022,"REDB","PAR",72.0624999999999
2,2022,"REDB","pH",8.48639236111105
2,2022,"REDB","spCond",747.068282407408
2,2022,"SYCA","DO",8.85473784722221
2,2022,"SYCA","DO_sat",92.6623148148148
2,2022,"SYCA","PAR",254.351197916667
2,2022,"SYCA","pH",7.77550231481484
2,2022,"SYCA","spCond",505.360368055556
2,2022,"TECR","DO",11.0009421296297
2,2022,"TECR","DO_sat",97.9115486111111
2,2022,"TECR","PAR",42.6543333333333
2,2022,"TECR","spCond",29.2640173611112
2,2022,"WALK","DO",10.5471145833334
2,2022,"WALK","DO_sat",99.5348333333333
2,2022,"WALK","PAR",60.97921875
2,2022,"WALK","pH",7.34015624999995
2,2022,"WALK","spCond",148.716173611111
2,2022,"WLOU","DO",10.2159114583334
2,2022,"WLOU","DO_sat",100.209979166667
2,2022,"WLOU","spCond",117.1870625
3,2021,"ARIK","DO",8.87502916666667
3,2021,"ARIK","PAR",259.682208333333
3,2021,"ARIK","pH",8.15597743055556
3,2021,"ARIK","spCond",509.1674875
3,2021,"BIGC","DO",10.5979756944445
3,2021,"BIGC","PAR",65.5475
3,2021,"BIGC","pH",7.50183854166669
3,2021,"BIGC","spCond",181.197392361111
3,2021,"BLDE","PAR",317.00015625
3,2021,"BLDE","spCond",126.189729166667
3,2021,"BLUE","DO",10.5589600694444
3,2021,"BLUE","PAR",364.938833333333
3,2021,"BLUE","pH",8.2100763888889
3,2021,"BLUE","spCond",507.016163194445
3,2021,"COMO","PAR",21.2613333333333
3,2021,"CUPE","DO",8.12850694444443
3,2021,"CUPE","PAR",44.3455833333333
3,2021,"CUPE","spCond",294.824425347222
3,2021,"FLNT","PAR",365.734583333333
3,2021,"GUIL","PAR",201.244166666667
3,2021,"GUIL","pH",7.98390277777782
3,2021,"HOPB","DO",13.1217065972222
3,2021,"HOPB","PAR",160.817833333333
3,2021,"HOPB","pH",6.88812499999993
3,2021,"HOPB","spCond",102.837266203704
3,2021,"LECO","DO",10.9840888888889
3,2021,"LECO","PAR",142.99859375
3,2021,"LECO","pH",6.62240277777775
3,2021,"LECO","spCond",15.9980625
3,2021,"LEWI","DO",10.4325486111111
3,2021,"LEWI","PAR",146.890916666667
3,2021,"LEWI","spCond",589.572381944446
3,2021,"MAYF","DO",9.92378472222219
3,2021,"MAYF","PAR",57.2310416666667
3,2021,"MAYF","pH",5.78597916666665
3,2021,"MAYF","spCond",12.7562881944445
3,2021,"MCDI","DO",9.54035277777777
3,2021,"MCDI","PAR",284.242333333334
3,2021,"MCDI","pH",7.99827314814819
3,2021,"MCDI","spCond",502.6190375
3,2021,"POSE","DO",11.5330958333334
3,2021,"POSE","PAR",229.413333333333
3,2021,"POSE","pH",7.67969999999998
3,2021,"POSE","spCond",96.6484675925928
3,2021,"PRIN","DO",10.4220046296297
3,2021,"PRIN","PAR",156.048645833334
3,2021,"PRIN","pH",8.0539427083333
3,2021,"PRIN","spCond",794.532802083333
3,2021,"REDB","DO",11.3661365740741
3,2021,"REDB","PAR",116.970416666666
3,2021,"REDB","pH",8.45548611111102
3,2021,"REDB","spCond",679.545923611112
3,2021,"SYCA","PAR",336.950052083334
3,2021,"TECR","DO",11.0071013888889
3,2021,"TECR","PAR",30.9465833333333
3,2021,"TECR","pH",7.42890972222208
3,2021,"TECR","spCond",29.5185625
3,2021,"WALK","DO",10.0836996527778
3,2021,"WALK","PAR",77.547986111111
3,2021,"WALK","pH",7.69042013888888
3,2021,"WALK","spCond",167.791451388889
3,2021,"WLOU","DO",10.5705930555556
3,2021,"WLOU","PAR",5.44716666666667
3,2021,"WLOU","spCond",115.269906250001
3,2022,"ARIK","DO",9.8322138888889
3,2022,"ARIK","DO_sat",80.6676006944444
3,2022,"ARIK","PAR",231.160333333333
3,2022,"ARIK","pH",8.08593055555552
3,2022,"ARIK","spCond",516.064595486112
3,2022,"BIGC","DO",9.77448611111113
3,2022,"BIGC","DO_sat",93.1285532407406
3,2022,"BIGC","PAR",109.571916666667
3,2022,"BIGC","pH",7.29246180555561
3,2022,"BIGC","spCond",184.940847222222
3,2022,"BLDE","DO",11.5762939814815
3,2022,"BLDE","DO_sat",99.0161527777777
3,2022,"BLDE","PAR",203.288541666667
3,2022,"BLDE","pH",7.88177777777778
3,2022,"BLDE","spCond",122.879309027778
3,2022,"BLUE","DO",10.6541550925926
3,2022,"BLUE","DO_sat",105.147458333333
3,2022,"BLUE","PAR",505.982881944444
3,2022,"BLUE","pH",8.07525833333332
3,2022,"BLUE","spCond",543.8666875
3,2022,"COMO","DO",9.8747708333333
3,2022,"COMO","DO_sat",96.6139652777779
3,2022,"COMO","PAR",22.8688541666667
3,2022,"COMO","pH",6.98704999999998
3,2022,"COMO","spCond",39.2776093750001
3,2022,"CUPE","DO",8.40166666666667
3,2022,"CUPE","DO_sat",95.9820520833334
3,2022,"CUPE","PAR",41.90578125
3,2022,"CUPE","pH",8.24591666666661
3,2022,"CUPE","spCond",267.155776388889
3,2022,"FLNT","DO",8.53029513888887
3,2022,"FLNT","DO_sat",93.7156250000001
3,2022,"FLNT","PAR",393.021416666667
3,2022,"FLNT","spCond",106.440625
3,2022,"GUIL","PAR",93.3313194444445
3,2022,"GUIL","pH",8.00653935185182
3,2022,"GUIL","spCond",219.867209722222
3,2022,"HOPB","DO",13.0028597222222
3,2022,"HOPB","DO_sat",100.212295138889
3,2022,"HOPB","pH",6.91415046296296
3,2022,"HOPB","spCond",92.9433703703704
3,2022,"KING","DO",7.62198379629629
3,2022,"KING","DO_sat",63.7564513888889
3,2022,"KING","pH",7.66442881944443
3,2022,"KING","spCond",664.749118055555
3,2022,"LECO","DO",10.9393680555556
3,2022,"LECO","DO_sat",100.862930555556
3,2022,"LECO","PAR",155.223020833333
3,2022,"LECO","pH",6.92139409722216
3,2022,"LECO","spCond",16.6444861111111
3,2022,"LEWI","DO",10.1122430555555
3,2022,"LEWI","DO_sat",89.5255902777778
3,2022,"LEWI","PAR",161.305625
3,2022,"LEWI","pH",7.89542592592593
3,2022,"LEWI","spCond",596.987647569445
3,2022,"MART","DO",12.0122916666667
3,2022,"MART","DO_sat",97.1413194444444
3,2022,"MART","pH",7.16213657407403
3,2022,"MART","spCond",33.1066354166666
3,2022,"MAYF","PAR",40.5221666666667
3,2022,"MCDI","DO",9.96947777777776
3,2022,"MCDI","DO_sat",85.0794479166667
3,2022,"MCDI","PAR",262.060416666667
3,2022,"MCDI","pH",7.84022743055557
3,2022,"MCDI","spCond",566.659842013889
3,2022,"MCRA","DO",12.2443836805555
3,2022,"MCRA","DO_sat",97.6069847222224
3,2022,"MCRA","PAR",4.52166666666666
3,2022,"MCRA","pH",7.20608333333335
3,2022,"MCRA","spCond",21.2328842592593
3,2022,"POSE","DO",11.5856284722223
3,2022,"POSE","DO_sat",93.3020180555556
3,2022,"POSE","PAR",203.930541666667
3,2022,"POSE","pH",7.68626736111111
3,2022,"POSE","spCond",107.936193055555
3,2022,"PRIN","DO",10.8785052083333
3,2022,"PRIN","DO_sat",101.468595486111
3,2022,"PRIN","PAR",149.680625
3,2022,"PRIN","pH",8.25403645833339
3,2022,"PRIN","spCond",789.476456597223
3,2022,"REDB","DO",11.1815555555556
3,2022,"REDB","DO_sat",100.266633333333
3,2022,"REDB","PAR",143.308166666667
3,2022,"REDB","pH",8.53952314814817
3,2022,"REDB","spCond",686.039788194444
3,2022,"SYCA","DO",8.31513333333335
3,2022,"SYCA","DO_sat",92.9041833333334
3,2022,"SYCA","PAR",323.34525
3,2022,"SYCA","pH",7.69260694444443
3,2022,"SYCA","spCond",500.997039930555
3,2022,"TECR","DO",10.6028875
3,2022,"TECR","DO_sat",97.2406347222222
3,2022,"TECR","PAR",35.9059375
3,2022,"TECR","pH",7.18882986111108
3,2022,"TECR","spCond",28.037828125
3,2022,"TOMB","DO",10.2512152777778
3,2022,"TOMB","DO_sat",98.9442708333331
3,2022,"TOMB","spCond",115.672916666667
3,2022,"WALK","DO",10.4251701388889
3,2022,"WALK","DO_sat",98.7207534722222
3,2022,"WALK","PAR",153.588541666667
3,2022,"WALK","pH",7.77436458333336
3,2022,"WALK","spCond",123.566479166667
3,2022,"WLOU","DO",10.2273347222222
3,2022,"WLOU","DO_sat",99.7693559027778
3,2022,"WLOU","PAR",14.8173611111111
3,2022,"WLOU","pH",8.04454166666678
3,2022,"WLOU","spCond",118.705108796296
4,2021,"ARIK","DO",8.21340277777778
4,2021,"ARIK","PAR",323.653541666667
4,2021,"ARIK","pH",8.1893222222222
4,2021,"ARIK","spCond",505.194212962963
4,2021,"BIGC","DO",9.11786979166667
4,2021,"BIGC","PAR",136.937916666667
4,2021,"BIGC","pH",7.40916203703702
4,2021,"BIGC","spCond",184.556326388889
4,2021,"BLDE","PAR",416.600416666667
4,2021,"BLDE","pH",7.40065972222242
4,2021,"BLDE","spCond",134.398881944444
4,2021,"BLUE","DO",10.0328222222222
4,2021,"BLUE","PAR",432.954166666667
4,2021,"BLUE","pH",8.06846874999997
4,2021,"BLUE","spCond",545.377710069445
4,2021,"COMO","DO",9.57859201388886
4,2021,"COMO","PAR",33.22234375
4,2021,"COMO","pH",6.48698148148148
4,2021,"COMO","spCond",31.3042708333334
4,2021,"CUPE","DO",7.98451215277778
4,2021,"CUPE","PAR",61.5642916666667
4,2021,"CUPE","pH",8.17452083333337
4,2021,"CUPE","spCond",296.323555555555
4,2021,"HOPB","DO",11.2750694444444
4,2021,"HOPB","PAR",230.104541666667
4,2021,"HOPB","pH",6.91105555555555
4,2021,"HOPB","spCond",114.889731481481
4,2021,"KING","spCond",624.75707638889
4,2021,"LECO","DO",10.5893569444445
4,2021,"LECO","PAR",133.413208333333
4,2021,"LECO","pH",6.71467534722225
4,2021,"LECO","spCond",17.5143680555555
4,2021,"LEWI","DO",9.48496006944444
4,2021,"LEWI","PAR",206.594291666667
4,2021,"LEWI","pH",7.91372916666665
4,2021,"LEWI","spCond",596.652874999999
4,2021,"MART","DO",11.6528923611111
4,2021,"MART","spCond",34.9067569444443
4,2021,"MAYF","DO",10.2454097222223
4,2021,"MAYF","PAR",65.9299305555556
4,2021,"MCDI","DO",10.0408958333333
4,2021,"MCDI","PAR",381.284583333333
4,2021,"MCDI","pH",8.12980555555553
4,2021,"MCDI","spCond",483.152789930556
4,2021,"POSE","DO",10.1860375
4,2021,"POSE","PAR",226.123291666667
4,2021,"POSE","pH",7.70406250000003
4,2021,"POSE","spCond",110.943361111111
4,2021,"PRIN","DO",9.35731597222222
4,2021,"PRIN","pH",8.00288888888893
4,2021,"PRIN","spCond",796.864395833333
4,2021,"REDB","DO",10.8401435185185
4,2021,"REDB","PAR",231.972447916667
4,2021,"REDB","pH",8.38647916666653
4,2021,"SYCA","PAR",508.3328125
4,2021,"TECR","DO",10.2129277777778
4,2021,"TECR","PAR",67.3575
4,2021,"TECR","pH",7.27152083333341
4,2021,"TECR","spCond",29.7706342592592
4,2021,"WALK","DO",9.97763888888887
4,2021,"WALK","PAR",79.321875
4,2021,"WALK","pH",7.94502951388893
4,2021,"WALK","spCond",155.611224537037
4,2021,"WLOU","DO",10.5321680555556
4,2021,"WLOU","PAR",17.0629166666667
4,2021,"WLOU","pH",8.1539097222222
4,2021,"WLOU","spCond",113.978546296296
4,2022,"ARIK","DO",9.15500138888889
4,2022,"ARIK","DO_sat",81.6690527777778
4,2022,"ARIK","PAR",464.920291666667
4,2022,"ARIK","pH",8.04772453703707
4,2022,"ARIK","spCond",545.875372222222
4,2022,"BIGC","DO",9.45788888888889
4,2022,"BIGC","DO_sat",92.831203125
4,2022,"BIGC","PAR",136.76625
4,2022,"BIGC","pH",7.36853125000004
4,2022,"BIGC","spCond",191.561576388889
4,2022,"BLDE","DO",11.0396902777777
4,2022,"BLDE","DO_sat",98.9015916666667
4,2022,"BLDE","PAR",275.91984375
4,2022,"BLDE","pH",7.88669583333337
4,2022,"BLDE","spCond",126.075355555555
4,2022,"BLUE","DO",9.82270312499999
4,2022,"BLUE","DO_sat",104.731159722222
4,2022,"BLUE","PAR",419.765972222222
4,2022,"BLUE","pH",7.97869722222224
4,2022,"BLUE","spCond",551.856659722222
4,2022,"BLWA","PAR",420.185694444444
4,2022,"BLWA","pH",7.41590277777779
4,2022,"BLWA","spCond",166.460243055556
4,2022,"CARI","PAR",513.043958333333
4,2022,"COMO","DO",9.62272222222212
4,2022,"COMO","DO_sat",95.7948722222222
4,2022,"COMO","PAR",44.9218333333333
4,2022,"COMO","pH",6.86112037037035
4,2022,"COMO","spCond",37.394953125
4,2022,"CUPE","DO",8.16674583333332
4,2022,"CUPE","DO_sat",94.1113194444445
4,2022,"CUPE","PAR",57.1899479166667
4,2022,"CUPE","pH",8.35858333333342
4,2022,"CUPE","spCond",290.279213541666
4,2022,"FLNT","DO",8.48493055555558
4,2022,"FLNT","PAR",475.881375
4,2022,"FLNT","spCond",96.6128472222221
4,2022,"GUIL","DO",7.9817824074074
4,2022,"GUIL","DO_sat",96.0376643518518
4,2022,"GUIL","PAR",163.686614583333
4,2022,"GUIL","pH",7.96650138888892
4,2022,"GUIL","spCond",233.55074537037
4,2022,"HOPB","DO",11.3509322916667
4,2022,"HOPB","DO_sat",99.0760902777778
4,2022,"HOPB","PAR",173.037864583333
4,2022,"HOPB","pH",6.91664814814811
4,2022,"HOPB","spCond",93.4786736111111
4,2022,"KING","DO",7.80171250000001
4,2022,"KING","DO_sat",75.5929277777778
4,2022,"KING","pH",7.69003194444447
4,2022,"KING","spCond",664.032185185185
4,2022,"LECO","DO",11.1352546296297
4,2022,"LECO","DO_sat",107.832354166667
4,2022,"LECO","PAR",154.612395833333
4,2022,"LECO","pH",6.79823194444445
4,2022,"LECO","spCond",18.602162037037
4,2022,"LEWI","DO",9.24282638888888
4,2022,"LEWI","DO_sat",87.1219212962963
4,2022,"LEWI","PAR",230.027135416667
4,2022,"LEWI","pH",7.85389583333333
4,2022,"LEWI","spCond",606.773747685185
4,2022,"MART","DO",12.0647083333334
4,2022,"MART","DO_sat",98.4845097222223
4,2022,"MART","pH",7.1410833333333
4,2022,"MART","spCond",33.4761138888889
4,2022,"MAYF","PAR",50.8525
4,2022,"MCDI","DO",7.02637268518519
4,2022,"MCDI","DO_sat",79.2414189814814
4,2022,"MCDI","PAR",384.423916666667
4,2022,"MCDI","pH",7.87571805555553
4,2022,"MCDI","spCond",547.057713888889
4,2022,"MCRA","PAR",7.38916666666667
4,2022,"POSE","DO",10.6393208333334
4,2022,"POSE","DO_sat",94.39684375
4,2022,"POSE","PAR",164.770666666667
4,2022,"POSE","pH",7.79313194444442
4,2022,"POSE","spCond",100.442930555555
4,2022,"PRIN","DO",9.44867534722224
4,2022,"PRIN","DO_sat",99.6586226851851
4,2022,"PRIN","PAR",185.535708333333
4,2022,"PRIN","pH",8.04271006944449
4,2022,"PRIN","spCond",657.127640624999
4,2022,"REDB","DO",10.9580659722222
4,2022,"REDB","DO_sat",99.12721875
4,2022,"REDB","PAR",194.358708333333
4,2022,"REDB","pH",8.56125694444447
4,2022,"REDB","spCond",548.909118055556
4,2022,"SYCA","DO",7.38384444444444
4,2022,"SYCA","DO_sat",87.288337962963
4,2022,"SYCA","PAR",466.475916666667
4,2022,"SYCA","pH",7.58490972222226
4,2022,"SYCA","spCond",518.057743055556
4,2022,"TECR","DO",10.0230225694444
4,2022,"TECR","DO_sat",97.2630439814816
4,2022,"TECR","PAR",70.9781666666667
4,2022,"TECR","pH",7.2168263888889
4,2022,"TECR","spCond",26.9970916666666
4,2022,"TOMB","DO",8.89003472222221
4,2022,"TOMB","DO_sat",91.7628472222221
4,2022,"TOMB","spCond",120.406163194445
4,2022,"WALK","DO",9.91072569444444
4,2022,"WALK","DO_sat",99.1002222222222
4,2022,"WALK","PAR",139.770208333333
4,2022,"WALK","pH",7.76790972222216
4,2022,"WALK","spCond",145.748138888889
4,2022,"WLOU","DO",10.1108430555555
4,2022,"WLOU","DO_sat",100.122184027778
4,2022,"WLOU","PAR",9.71424999999999
4,2022,"WLOU","spCond",114.513647222222
5,2021,"ARIK","DO",6.71612777777778
5,2021,"ARIK","PAR",401.30425
5,2021,"ARIK","pH",7.9919583333333
5,2021,"ARIK","spCond",519.379081597222
5,2021,"BIGC","DO",8.30741898148147
5,2021,"BIGC","PAR",99.4028750000001
5,2021,"BIGC","pH",7.42026041666661
5,2021,"BIGC","spCond",207.728684027777
5,2021,"BLDE","PAR",451.252208333333
5,2021,"BLDE","pH",7.40919791666665
5,2021,"BLDE","spCond",53.2205694444444
5,2021,"BLUE","PAR",441.867760416667
5,2021,"BLUE","pH",7.89381944444437
5,2021,"BLWA","PAR",564.504291666667
5,2021,"CARI","DO",13.2889004629629
5,2021,"CARI","PAR",394.832569444445
5,2021,"CARI","pH",7.41014409722222
5,2021,"CARI","spCond",40.4528576388889
5,2021,"COMO","DO",10.0458009259259
5,2021,"COMO","PAR",47.4583333333333
5,2021,"COMO","pH",6.23222916666667
5,2021,"COMO","spCond",27.2800590277778
5,2021,"CUPE","DO",7.91828194444445
5,2021,"CUPE","PAR",66.70078125
5,2021,"CUPE","pH",8.17969212962965
5,2021,"CUPE","spCond",277.911958333333
5,2021,"GUIL","PAR",350.567083333333
5,2021,"GUIL","pH",7.8779930555555
5,2021,"HOPB","DO",10.7912736111111
5,2021,"HOPB","PAR",92.2542083333334
5,2021,"HOPB","pH",6.83182500000003
5,2021,"HOPB","spCond",97.5028472222221
5,2021,"KING","DO",10.1568657407407
5,2021,"KING","pH",7.63437037037038
5,2021,"KING","spCond",547.231287037037
5,2021,"LECO","DO",9.93802222222224
5,2021,"LECO","PAR",40.3024166666667
5,2021,"LECO","pH",6.811578125
5,2021,"LECO","spCond",16.7857986111111
5,2021,"LEWI","DO",8.74787847222226
5,2021,"LEWI","PAR",50.3994791666668
5,2021,"LEWI","pH",7.91235648148143
5,2021,"LEWI","spCond",598.678260416666
5,2021,"MART","DO",11.1675694444444
5,2021,"MART","pH",7.27383333333331
5,2021,"MART","spCond",38.1438819444445
5,2021,"MAYF","DO",8.8183361111111
5,2021,"MAYF","PAR",47.1174479166667
5,2021,"MAYF","spCond",14.0761527777778
5,2021,"MCDI","DO",8.70899305555557
5,2021,"MCDI","PAR",301.651822916667
5,2021,"MCDI","pH",7.92605138888893
5,2021,"MCDI","spCond",418.377142361111
5,2021,"POSE","DO",9.22879305555553
5,2021,"POSE","PAR",132.621416666667
5,2021,"POSE","pH",7.59693402777779
5,2021,"POSE","spCond",118.714958333333
5,2021,"PRIN","DO",8.3954236111111
5,2021,"PRIN","pH",8.04528750000009
5,2021,"PRIN","spCond",709.784777777778
5,2021,"REDB","PAR",130.641875
5,2021,"REDB","pH",8.35538888888876
5,2021,"REDB","spCond",613.249465277779
5,2021,"SYCA","PAR",517.73675
5,2021,"TECR","DO",8.91479166666668
5,2021,"TECR","PAR",45.3332916666667
5,2021,"TECR","pH",7.36950925925928
5,2021,"TECR","spCond",35.0621128472222
5,2021,"TOMB","DO",8.26774305555556
5,2021,"TOMB","pH",7.75659722222221
5,2021,"WALK","DO",9.87484305555563
5,2021,"WALK","PAR",10.7972916666667
5,2021,"WALK","pH",7.91880555555559
5,2021,"WALK","spCond",190.132392361111
5,2021,"WLOU","DO",10.2869333333333
5,2021,"WLOU","PAR",16.5448333333333
5,2021,"WLOU","pH",7.97015624999999
5,2021,"WLOU","spCond",87.0958083333333
5,2022,"ARIK","DO",6.02829305555556
5,2022,"ARIK","DO_sat",71.1695763888888
5,2022,"ARIK","PAR",407.274375
5,2022,"ARIK","pH",7.83254166666664
5,2022,"ARIK","spCond",544.971143518518
5,2022,"BIGC","DO",9.06047916666668
5,2022,"BIGC","DO_sat",92.8917690972222
5,2022,"BIGC","PAR",133.5753125
5,2022,"BIGC","pH",7.37793518518519
5,2022,"BIGC","spCond",214.534159722222
5,2022,"BLDE","DO",10.3340791666666
5,2022,"BLDE","DO_sat",98.132484375
5,2022,"BLDE","PAR",313.398020833333
5,2022,"BLDE","pH",7.74845486111114
5,2022,"BLDE","spCond",85.4744253472222
5,2022,"BLUE","DO",7.93944212962962
5,2022,"BLUE","DO_sat",91.7114189814815
5,2022,"BLUE","PAR",444.862708333333
5,2022,"BLUE","pH",7.95079861111111
5,2022,"BLUE","spCond",563.861897569444
5,2022,"BLWA","PAR",558.108385416667
5,2022,"BLWA","pH",7.60614583333334
5,2022,"CARI","PAR",518.644166666667
5,2022,"CARI","pH",7.15057175925929
5,2022,"CARI","spCond",43.1243680555555
5,2022,"COMO","DO",9.99318923611111
5,2022,"COMO","DO_sat",99.2520208333331
5,2022,"COMO","PAR",79.9250694444443
5,2022,"COMO","pH",6.61964814814814
5,2022,"COMO","spCond",25.3994739583333
5,2022,"CUPE","DO",7.91869791666664
5,2022,"CUPE","DO_sat",93.4593090277778
5,2022,"CUPE","PAR",49.02546875
5,2022,"CUPE","pH",8.14854166666665
5,2022,"CUPE","spCond",278.515347222222
5,2022,"FLNT","DO",7.34605902777778
5,2022,"FLNT","DO_sat",90.3130208333332
5,2022,"FLNT","PAR",443.2271875
5,2022,"FLNT","pH",7.76715277777778
5,2022,"FLNT","spCond",137.850925925926
5,2022,"GUIL","DO",7.59419444444444
5,2022,"GUIL","DO_sat",93.3455601851852
5,2022,"GUIL","PAR",325.963072916667
5,2022,"GUIL","pH",7.92230324074076
5,2022,"GUIL","spCond",242.289516666667
5,2022,"HOPB","DO",10.0952
5,2022,"HOPB","DO_sat",98.1531788194445
5,2022,"HOPB","PAR",121.045104166667
5,2022,"HOPB","pH",7.06802314814815
5,2022,"HOPB","spCond",105.694363888889
5,2022,"KING","DO",8.09838194444444
5,2022,"KING","DO_sat",84.504914351852
5,2022,"KING","pH",7.89168402777781
5,2022,"KING","spCond",600.011885416667
5,2022,"LECO","DO",9.5023842592592
5,2022,"LECO","DO_sat",99.106400462963
5,2022,"LECO","pH",6.80802916666666
5,2022,"LECO","spCond",16.1462597222222
5,2022,"LEWI","DO",8.43123148148147
5,2022,"LEWI","DO_sat",86.1948298611111
5,2022,"LEWI","PAR",32.7460416666667
5,2022,"LEWI","pH",7.82559027777778
5,2022,"LEWI","spCond",622.633399305555
5,2022,"MART","DO",11.5396305555555
5,2022,"MART","DO_sat",98.679704861111
5,2022,"MART","pH",7.2253773148149
5,2022,"MART","spCond",35.7452604166667
5,2022,"MAYF","PAR",30.6380208333333
5,2022,"MCDI","DO",7.01905138888889
5,2022,"MCDI","DO_sat",80.9325034722222
5,2022,"MCDI","PAR",162.168125
5,2022,"MCDI","pH",7.88132222222221
5,2022,"MCDI","spCond",515.056994444445
5,2022,"POSE","DO",8.9481736111111
5,2022,"POSE","DO_sat",93.5422555555555
5,2022,"POSE","PAR",109.3709375
5,2022,"POSE","pH",7.48884953703702
5,2022,"POSE","spCond",111.612661111111
5,2022,"PRIN","DO",8.01972569444445
5,2022,"PRIN","DO_sat",95.6603871527778
5,2022,"PRIN","PAR",54.0869166666666
5,2022,"PRIN","pH",8.13363194444445
5,2022,"PRIN","spCond",721.996219907407
5,2022,"REDB","DO",10.0410381944444
5,2022,"REDB","DO_sat",101.046572222222
5,2022,"REDB","PAR",183.308833333333
5,2022,"REDB","pH",8.57549305555571
5,2022,"REDB","spCond",561.730337962963
5,2022,"SYCA","DO",6.69134548611111
5,2022,"SYCA","DO_sat",80.0278652777776
5,2022,"SYCA","PAR",528.683625
5,2022,"SYCA","pH",7.55404861111109
5,2022,"SYCA","spCond",520.109798611111
5,2022,"TECR","DO",9.09474479166666
5,2022,"TECR","DO_sat",95.7414913194444
5,2022,"TECR","PAR",47.0509166666667
5,2022,"TECR","pH",7.25614444444446
5,2022,"TECR","spCond",30.6460972222222
5,2022,"TOMB","DO_sat",84.9253472222222
5,2022,"TOMB","PAR",559.457569444444
5,2022,"TOMB","pH",7.1344212962963
5,2022,"WALK","PAR",7.32347222222223
5,2022,"WALK","pH",8.10426620370367
5,2022,"WALK","spCond",225.9646625
5,2022,"WLOU","DO_sat",100.652173611111
5,2022,"WLOU","spCond",103.299236111111
6,2021,"ARIK","DO",4.6723287037037
6,2021,"ARIK","PAR",604.710416666667
6,2021,"ARIK","pH",7.69180555555556
6,2021,"ARIK","spCond",546.083694444444
6,2021,"BIGC","DO",7.67107777777778
6,2021,"BIGC","PAR",81.5565
6,2021,"BIGC","pH",7.35795138888888
6,2021,"BIGC","spCond",221.536912037037
6,2021,"BLDE","DO",8.63948611111112
6,2021,"BLDE","PAR",408.155708333333
6,2021,"BLDE","pH",7.58561805555556
6,2021,"BLDE","spCond",68.4907430555554
6,2021,"BLUE","PAR",608.414583333333
6,2021,"BLUE","pH",7.92068750000004
6,2021,"BLUE","spCond",544.321164351852
6,2021,"BLWA","PAR",528.052916666667
6,2021,"CARI","DO",12.2983819444445
6,2021,"CARI","PAR",459.011916666667
6,2021,"CARI","pH",7.65742777777782
6,2021,"CARI","spCond",87.4164270833333
6,2021,"COMO","DO",8.69472638888889
6,2021,"COMO","PAR",64.0377916666667
6,2021,"COMO","pH",6.31955381944443
6,2021,"COMO","spCond",16.8938472222224
6,2021,"CUPE","DO",7.91963368055556
6,2021,"CUPE","PAR",24.2465625
6,2021,"CUPE","pH",8.1412569444444
6,2021,"CUPE","spCond",290.777197916667
6,2021,"GUIL","DO",7.94173842592593
6,2021,"GUIL","PAR",250.961597222222
6,2021,"GUIL","pH",7.87446064814816
6,2021,"GUIL","spCond",205.912027777778
6,2021,"HOPB","DO",9.41139120370371
6,2021,"HOPB","PAR",20.0481770833333
6,2021,"HOPB","pH",7.07957407407406
6,2021,"HOPB","spCond",124.055145833333
6,2021,"KING","DO",7.83809375
6,2021,"KING","pH",7.69172916666666
6,2021,"KING","spCond",598.897993055556
6,2021,"LECO","DO",9.05865451388893
6,2021,"LECO","PAR",83.1425694444446
6,2021,"LECO","pH",6.70429629629631
6,2021,"LECO","spCond",20.8301527777778
6,2021,"LEWI","DO",8.67948958333334
6,2021,"LEWI","PAR",15.8697916666667
6,2021,"LEWI","pH",7.95293749999998
6,2021,"MART","DO",9.70626388888888
6,2021,"MART","pH",7.2602847222223
6,2021,"MART","spCond",39.6525231481481
6,2021,"MAYF","DO",8.0285763888889
6,2021,"MAYF","pH",5.46873611111112
6,2021,"MAYF","spCond",13.8004131944445
6,2021,"MCDI","DO",0.608111111111109
6,2021,"MCDI","PAR",51.69375
6,2021,"MCDI","pH",7.52060763888889
6,2021,"MCDI","spCond",538.443249999999
6,2021,"OKSR","DO",9.85385069444441
6,2021,"OKSR","PAR",185.928958333333
6,2021,"OKSR","pH",7.29850694444461
6,2021,"OKSR","spCond",46.3360694444445
6,2021,"POSE","DO",8.41244583333338
6,2021,"POSE","PAR",76.6472083333334
6,2021,"POSE","pH",7.60470833333334
6,2021,"POSE","spCond",132.758069444444
6,2021,"PRIN","DO",7.88625277777778
6,2021,"PRIN","pH",8.04662638888888
6,2021,"PRIN","spCond",679.136559027779
6,2021,"SYCA","PAR",550.967458333333
6,2021,"TECR","DO",7.99199027777778
6,2021,"TECR","PAR",44.2932291666666
6,2021,"TECR","pH",7.32250173611114
6,2021,"TECR","spCond",37.4709375
6,2021,"TOMB","pH",7.19177083333337
6,2021,"WALK","DO",9.18996805555554
6,2021,"WALK","PAR",6.74333333333333
6,2021,"WALK","pH",8.01963750000003
6,2021,"WALK","spCond",238.526349537037
6,2021,"WLOU","DO",9.33721874999997
6,2021,"WLOU","PAR",26.7215104166666
6,2021,"WLOU","pH",7.89334895833332
6,2021,"WLOU","spCond",83.2456712962963
6,2022,"ARIK","DO",2.23003645833333
6,2022,"ARIK","DO_sat",20.5083888888889
6,2022,"ARIK","PAR",493.734083333334
6,2022,"ARIK","pH",7.46165798611114
6,2022,"ARIK","spCond",570.799658333333
6,2022,"BIGC","DO",8.35256944444444
6,2022,"BIGC","DO_sat",94.3528819444444
6,2022,"BIGC","PAR",81.0671354166666
6,2022,"BIGC","pH",7.41173194444445
6,2022,"BIGC","spCond",238.037361111111
6,2022,"BLDE","DO",9.61264583333332
6,2022,"BLDE","DO_sat",99.8141157407408
6,2022,"BLDE","PAR",331.788697916667
6,2022,"BLDE","pH",7.55131250000003
6,2022,"BLDE","spCond",56.7510069444446
6,2022,"BLUE","DO",8.27288425925926
6,2022,"BLUE","DO_sat",99.4545370370369
6,2022,"BLUE","PAR",609.056958333333
6,2022,"BLUE","pH",7.95393750000006
6,2022,"BLUE","spCond",517.092986111111
6,2022,"BLWA","PAR",473.872125
6,2022,"BLWA","pH",7.8983912037037
6,2022,"CARI","PAR",515.218291666667
6,2022,"CARI","pH",7.41708472222228
6,2022,"CARI","spCond",74.8940527777778
6,2022,"COMO","DO_sat",101.052423611111
6,2022,"COMO","PAR",92.4458333333333
6,2022,"COMO","pH",6.65764583333342
6,2022,"COMO","spCond",15.5412951388889
6,2022,"CUPE","DO",7.63836388888888
6,2022,"CUPE","DO_sat",93.3754486111111
6,2022,"CUPE","PAR",23.7646875
6,2022,"CUPE","pH",8.1306041666666
6,2022,"CUPE","spCond",284.272401041667
6,2022,"FLNT","DO_sat",95.2982638888888
6,2022,"FLNT","PAR",530.890916666667
6,2022,"FLNT","pH",7.81140625000002
6,2022,"FLNT","spCond",149.9875
6,2022,"GUIL","DO",7.59025462962964
6,2022,"GUIL","DO_sat",93.7325347222222
6,2022,"GUIL","PAR",260.557375
6,2022,"GUIL","pH",7.95680555555555
6,2022,"GUIL","spCond",237.941293981481
6,2022,"HOPB","DO",9.18649999999999
6,2022,"HOPB","DO_sat",98.323421875
6,2022,"HOPB","PAR",28.7588020833333
6,2022,"HOPB","pH",7.1390597222222
6,2022,"HOPB","spCond",117.86721875
6,2022,"KING","DO",8.06643576388892
6,2022,"KING","DO_sat",92.7166319444445
6,2022,"KING","spCond",577.855256944444
6,2022,"LECO","DO",8.6672638888889
6,2022,"LECO","DO_sat",97.4212465277778
6,2022,"LECO","PAR",48.7338020833333
6,2022,"LECO","pH",6.9049097222222
6,2022,"LECO","spCond",23.3133489583333
6,2022,"LEWI","DO",8.66250694444443
6,2022,"LEWI","DO_sat",89.5886701388889
6,2022,"LEWI","PAR",13.99140625
6,2022,"LEWI","pH",7.73728472222218
6,2022,"LEWI","spCond",616.792287037036
6,2022,"MART","DO",11.0113472222223
6,2022,"MART","DO_sat",98.1012592592592
6,2022,"MART","pH",7.20760763888893
6,2022,"MART","spCond",37.9006961805556
6,2022,"MAYF","PAR",43.6454166666667
6,2022,"MCDI","DO",0.491347222222223
6,2022,"MCDI","DO_sat",5.02599999999999
6,2022,"MCDI","PAR",52.2282916666667
6,2022,"MCDI","pH",7.46246527777784
6,2022,"MCDI","spCond",468.589697916667
6,2022,"MCRA","DO",10.9751365740741
6,2022,"MCRA","DO_sat",100.018810185185
6,2022,"MCRA","PAR",10.7871527777778
6,2022,"MCRA","pH",6.9901076388889
6,2022,"MCRA","spCond",21.3064768518519
6,2022,"OKSR","DO",10.2421805555555
6,2022,"OKSR","PAR",474.779270833333
6,2022,"OKSR","spCond",55.5482222222221
6,2022,"POSE","DO",8.36376215277778
6,2022,"POSE","DO_sat",92.7961093749999
6,2022,"POSE","PAR",81.1651562499999
6,2022,"POSE","pH",7.55034895833338
6,2022,"POSE","spCond",126.483638888889
6,2022,"PRIN","DO",7.45304861111111
6,2022,"PRIN","DO_sat",104.343923611111
6,2022,"PRIN","PAR",23.181375
6,2022,"PRIN","pH",7.99726388888886
6,2022,"PRIN","spCond",743.923516203704
6,2022,"REDB","DO",8.88521006944442
6,2022,"REDB","DO_sat",100.114755555556
6,2022,"REDB","PAR",96.4157500000001
6,2022,"REDB","pH",8.58716898148161
6,2022,"REDB","spCond",609.360177083334
6,2022,"SYCA","DO",5.75889861111111
6,2022,"SYCA","DO_sat",71.2022135416666
6,2022,"SYCA","PAR",527.172041666667
6,2022,"SYCA","pH",7.50052777777777
6,2022,"SYCA","spCond",522.674532407407
6,2022,"TECR","DO",8.52086944444443
6,2022,"TECR","DO_sat",96.3161347222222
6,2022,"TECR","PAR",27.4861458333333
6,2022,"TECR","pH",7.24892361111104
6,2022,"TECR","spCond",35.354825
6,2022,"TOMB","DO",8.61822916666666
6,2022,"TOMB","PAR",630.85046875
6,2022,"TOMB","pH",7.27225694444445
6,2022,"TOMB","spCond",187.349305555556
6,2022,"WALK","PAR",7.68026041666667
6,2022,"WALK","pH",8.08468055555558
6,2022,"WALK","spCond",255.187295833333
6,2022,"WLOU","DO",9.34535185185186
6,2022,"WLOU","DO_sat",102.355284722222
6,2022,"WLOU","PAR",24.7125694444445
6,2022,"WLOU","pH",7.765662037037
6,2022,"WLOU","spCond",75.7673194444443
7,2021,"ARIK","PAR",522.79175
7,2021,"ARIK","pH",7.58470486111109
7,2021,"ARIK","spCond",551.104923611111
7,2021,"BIGC","DO",6.61416550925927
7,2021,"BIGC","PAR",63.6072083333334
7,2021,"BIGC","pH",7.24117187499997
7,2021,"BIGC","spCond",263.262256944445
7,2021,"BLDE","DO",8.07471527777779
7,2021,"BLDE","PAR",138.398458333333
7,2021,"BLDE","pH",7.87016666666664
7,2021,"BLDE","spCond",84.5572083333333
7,2021,"BLUE","DO",8.23603645833333
7,2021,"BLUE","PAR",566.485375
7,2021,"BLUE","pH",7.97790046296293
7,2021,"BLUE","spCond",498.596465277777
7,2021,"BLWA","PAR",412.750791666667
7,2021,"CARI","DO",11.7897888888889
7,2021,"CARI","PAR",546.244791666667
7,2021,"CARI","pH",7.56271666666663
7,2021,"CARI","spCond",91.8060810185185
7,2021,"COMO","DO",7.85316493055554
7,2021,"COMO","PAR",37.3478125
7,2021,"COMO","pH",6.81304444444448
7,2021,"COMO","spCond",20.7094809027778
7,2021,"CUPE","DO",7.85722361111109
7,2021,"CUPE","PAR",41.3216319444444
7,2021,"CUPE","pH",8.17168055555546
7,2021,"CUPE","spCond",286.534372222222
7,2021,"GUIL","PAR",199.42375
7,2021,"GUIL","pH",7.88736111111116
7,2021,"HOPB","DO",9.23986111111113
7,2021,"HOPB","PAR",10.1745138888889
7,2021,"HOPB","pH",6.79947569444446
7,2021,"HOPB","spCond",72.7958611111112
7,2021,"KING","DO",7.2898375
7,2021,"KING","pH",7.54606944444439
7,2021,"KING","spCond",591.853489583333
7,2021,"LECO","DO",8.6532465277778
7,2021,"LECO","PAR",55.8849479166667
7,2021,"LECO","pH",6.79113888888894
7,2021,"LECO","spCond",22.0044236111111
7,2021,"LEWI","DO",8.39970601851855
7,2021,"LEWI","PAR",14.0620833333333
7,2021,"LEWI","pH",7.93689930555542
7,2021,"MART","DO",9.18424768518519
7,2021,"MART","pH",7.29228009259254
7,2021,"MART","spCond",40.9231666666666
7,2021,"MAYF","DO",7.8720462962963
7,2021,"MAYF","PAR",24.0471875
7,2021,"MAYF","pH",5.72044675925929
7,2021,"MAYF","spCond",14.2519930555556
7,2021,"MCDI","DO",0.721321759259261
7,2021,"MCDI","PAR",42.8575694444444
7,2021,"MCDI","spCond",619.771956944444
7,2021,"MCRA","DO",9.88966666666668
7,2021,"MCRA","PAR",8.53916666666666
7,2021,"OKSR","DO",9.41876388888888
7,2021,"OKSR","PAR",407.891875
7,2021,"OKSR","pH",7.29338194444441
7,2021,"POSE","DO",7.45788541666667
7,2021,"POSE","PAR",101.347430555556
7,2021,"POSE","pH",7.60354340277779
7,2021,"POSE","spCond",137.648756944445
7,2021,"PRIN","DO",7.90871111111111
7,2021,"PRIN","PAR",123.459125
7,2021,"PRIN","pH",8.01899305555556
7,2021,"PRIN","spCond",707.552359722222
7,2021,"REDB","PAR",91.378611111111
7,2021,"TECR","DO",7.34656527777779
7,2021,"TECR","PAR",33.1399583333333
7,2021,"TECR","pH",7.15675972222223
7,2021,"TECR","spCond",38.5139913194444
7,2021,"WALK","DO",9.06163715277781
7,2021,"WALK","PAR",7.9005
7,2021,"WALK","pH",8.04068229166666
7,2021,"WALK","spCond",241.121398148148
7,2021,"WLOU","DO",8.53244212962962
7,2021,"WLOU","PAR",23.2490104166667
7,2021,"WLOU","pH",7.92503703703702
7,2021,"WLOU","spCond",94.6533449074075
7,2022,"ARIK","DO",1.31502777777777
7,2022,"ARIK","PAR",581.751125
7,2022,"ARIK","pH",7.45467708333333
7,2022,"ARIK","spCond",555.309006944445
7,2022,"BIGC","DO",7.48064409722223
7,2022,"BIGC","DO_sat",87.096296875
7,2022,"BIGC","PAR",44.25703125
7,2022,"BIGC","pH",7.34215624999997
7,2022,"BIGC","spCond",252.515692708334
7,2022,"BLDE","DO",8.08330000000001
7,2022,"BLDE","DO_sat",98.3921208333333
7,2022,"BLDE","PAR",110.957222222222
7,2022,"BLDE","pH",7.73964722222224
7,2022,"BLUE","DO",8.4191574074074
7,2022,"BLUE","DO_sat",101.13424537037
7,2022,"BLUE","PAR",611.744208333334
7,2022,"BLUE","pH",7.98031076388887
7,2022,"BLUE","spCond",543.397859722222
7,2022,"BLWA","PAR",532.233875
7,2022,"BLWA","pH",7.90936342592592
7,2022,"BLWA","spCond",289.038680555555
7,2022,"CARI","DO",12.0553888888889
7,2022,"CARI","DO_sat",97.361092013889
7,2022,"CARI","PAR",393.477041666667
7,2022,"CARI","pH",7.28755555555556
7,2022,"CARI","spCond",85.7974638888889
7,2022,"COMO","DO",7.90695833333334
7,2022,"COMO","DO_sat",97.7670885416667
7,2022,"COMO","PAR",40.01
7,2022,"COMO","pH",6.99041111111107
7,2022,"COMO","spCond",19.5912361111111
7,2022,"CUPE","DO",7.82278472222223
7,2022,"CUPE","DO_sat",94.5851481481481
7,2022,"CUPE","PAR",27.7747395833333
7,2022,"CUPE","pH",8.32496875000005
7,2022,"CUPE","spCond",264.891953703703
7,2022,"FLNT","DO",7.05430555555556
7,2022,"FLNT","DO_sat",83.4041666666667
7,2022,"FLNT","PAR",549.274666666667
7,2022,"FLNT","pH",7.39302083333334
7,2022,"FLNT","spCond",136.110763888889
7,2022,"GUIL","DO",7.73186111111115
7,2022,"GUIL","PAR",185.64328125
7,2022,"GUIL","pH",7.90711805555555
7,2022,"GUIL","spCond",233.244315972222
7,2022,"HOPB","DO",8.86451041666668
7,2022,"HOPB","DO_sat",98.0943124999999
7,2022,"HOPB","PAR",39.4363541666667
7,2022,"HOPB","pH",7.17003298611109
7,2022,"HOPB","spCond",120.727705555556
7,2022,"KING","DO",7.6590347222222
7,2022,"KING","DO_sat",86.0895152777778
7,2022,"KING","PAR",49.83859375
7,2022,"KING","pH",7.75209027777768
7,2022,"KING","spCond",592.441706597222
7,2022,"LECO","DO",8.58871874999999
7,2022,"LECO","DO_sat",98.3113437499999
7,2022,"LECO","PAR",33.860625
7,2022,"LECO","pH",6.97442708333329
7,2022,"LECO","spCond",20.1716736111111
7,2022,"LEWI","DO",8.17549074074075
7,2022,"LEWI","DO_sat",87.6341736111112
7,2022,"LEWI","PAR",9.97317708333333
7,2022,"LEWI","pH",7.73848611111111
7,2022,"LEWI","spCond",620.411951388889
7,2022,"MART","DO",9.3836458333333
7,2022,"MART","DO_sat",94.3605694444443
7,2022,"MART","pH",7.29081250000002
7,2022,"MART","spCond",40.1602893518518
7,2022,"MAYF","PAR",44.0197083333333
7,2022,"MCDI","DO",6.17582118055556
7,2022,"MCDI","DO_sat",76.4725069444445
7,2022,"MCDI","PAR",27.1552916666667
7,2022,"MCDI","pH",7.83439062499997
7,2022,"MCDI","spCond",513.625989583333
7,2022,"MCRA","DO",10.0650659722222
7,2022,"MCRA","DO_sat",99.6766361111113
7,2022,"MCRA","pH",7.3031250000001
7,2022,"MCRA","spCond",25.492875
7,2022,"OKSR","DO",10.2650451388889
7,2022,"OKSR","DO_sat",109.678073611111
7,2022,"OKSR","PAR",311.075885416667
7,2022,"OKSR","pH",7.14846064814814
7,2022,"OKSR","spCond",56.1800740740741
7,2022,"POSE","DO",7.95016319444443
7,2022,"POSE","DO_sat",92.4371250000001
7,2022,"POSE","PAR",80.6444270833333
7,2022,"POSE","pH",7.65174826388892
7,2022,"POSE","spCond",131.637708333333
7,2022,"PRIN","DO",6.95208333333334
7,2022,"PRIN","DO_sat",100.618611111111
7,2022,"PRIN","PAR",24.1642013888889
7,2022,"PRIN","pH",7.91036805555562
7,2022,"PRIN","spCond",688.680673611112
7,2022,"REDB","DO",8.55951909722221
7,2022,"REDB","DO_sat",100.456098611111
7,2022,"REDB","PAR",104.4553125
7,2022,"REDB","pH",8.54097569444428
7,2022,"REDB","spCond",599.670508333334
7,2022,"SYCA","DO",3.32903645833333
7,2022,"SYCA","DO_sat",66.7295208333333
7,2022,"SYCA","PAR",546.883020833333
7,2022,"SYCA","pH",7.0930104166667
7,2022,"SYCA","spCond",600.012664930556
7,2022,"TECR","DO",7.88176388888889
7,2022,"TECR","DO_sat",95.6523569444444
7,2022,"TECR","PAR",27.3590625
7,2022,"TECR","pH",7.19325520833331
7,2022,"TECR","spCond",37.8487861111111
7,2022,"WALK","DO",8.77505729166665
7,2022,"WALK","DO_sat",95.2338347222222
7,2022,"WALK","PAR",5.65958333333333
7,2022,"WALK","pH",8.04813715277779
7,2022,"WALK","spCond",261.996498263888
7,2022,"WLOU","DO",8.47400520833336
7,2022,"WLOU","DO_sat",101.0914375
7,2022,"WLOU","PAR",17.5460833333333
7,2022,"WLOU","pH",7.8170902777779
7,2022,"WLOU","spCond",90.7715736111111
8,2021,"ARIK","PAR",372.10025
8,2021,"BIGC","DO",7.07586342592592
8,2021,"BIGC","PAR",67.04296875
8,2021,"BIGC","pH",7.32088194444443
8,2021,"BIGC","spCond",274.788850694444
8,2021,"BLDE","DO",8.79483680555553
8,2021,"BLDE","PAR",147.4115
8,2021,"BLDE","pH",7.96033055555553
8,2021,"BLUE","DO",8.46216435185184
8,2021,"BLUE","PAR",577.115416666667
8,2021,"BLUE","pH",8.12881250000001
8,2021,"BLUE","spCond",533.638010416666
8,2021,"BLWA","PAR",453.052673611111
8,2021,"BLWA","pH",7.43015625000002
8,2021,"CARI","DO",12.1818055555555
8,2021,"CARI","pH",7.36343472222226
8,2021,"CARI","spCond",59.3333055555555
8,2021,"COMO","DO",8.11034027777779
8,2021,"COMO","PAR",32.060625
8,2021,"COMO","pH",7.05120555555553
8,2021,"COMO","spCond",27.8882604166667
8,2021,"CUPE","DO",8.00963020833335
8,2021,"CUPE","PAR",38.5908854166667
8,2021,"CUPE","pH",8.20075694444441
8,2021,"CUPE","spCond",282.355548611111
8,2021,"GUIL","DO",7.56422916666665
8,2021,"GUIL","PAR",234.788402777778
8,2021,"GUIL","pH",7.84716666666665
8,2021,"GUIL","spCond",240.573458333333
8,2021,"HOPB","DO",9.04867534722223
8,2021,"HOPB","PAR",14.6273611111111
8,2021,"HOPB","pH",7.11483506944444
8,2021,"HOPB","spCond",100.315050925926
8,2021,"KING","DO",7.03112152777777
8,2021,"KING","pH",7.49305034722218
8,2021,"KING","spCond",619.913624999999
8,2021,"LECO","DO",8.90512326388889
8,2021,"LECO","PAR",21.7830833333333
8,2021,"LECO","pH",6.82260416666665
8,2021,"LECO","spCond",20.3787152777777
8,2021,"LEWI","DO",8.30171354166667
8,2021,"LEWI","pH",7.91802604166663
8,2021,"LEWI","spCond",593.283979166667
8,2021,"MART","DO",8.8070949074074
8,2021,"MART","pH",7.24852083333331
8,2021,"MAYF","DO",7.78538368055557
8,2021,"MAYF","PAR",22.4993333333333
8,2021,"MAYF","pH",5.75497916666673
8,2021,"MAYF","spCond",15.8505486111111
8,2021,"MCDI","DO",2.54883680555555
8,2021,"MCDI","pH",6.88119097222229
8,2021,"MCDI","spCond",620.167458333333
8,2021,"MCRA","DO",8.96552777777785
8,2021,"MCRA","PAR",6.971875
8,2021,"MCRA","pH",7.18840972222209
8,2021,"OKSR","DO",10.5278703703704
8,2021,"OKSR","PAR",256.09109375
8,2021,"OKSR","pH",7.21455092592596
8,2021,"OKSR","spCond",61.0294027777778
8,2021,"POSE","DO",7.44647222222223
8,2021,"POSE","PAR",89.2423437499998
8,2021,"POSE","pH",7.56363888888892
8,2021,"PRIN","DO",7.11654166666666
8,2021,"PRIN","PAR",65.7306944444444
8,2021,"PRIN","pH",7.92240833333338
8,2021,"PRIN","spCond",777.608454861109
8,2021,"REDB","PAR",95.9186458333332
8,2021,"TECR","PAR",58.9740625
8,2021,"TECR","pH",7.11109027777777
8,2021,"TECR","spCond",38.3158402777777
8,2021,"WALK","DO",8.90002951388889
8,2021,"WALK","PAR",8.31591666666666
8,2021,"WALK","pH",8.03785937500003
8,2021,"WALK","spCond",250.233506944444
8,2021,"WLOU","DO",8.79661805555554
8,2021,"WLOU","PAR",15.2198958333333
8,2021,"WLOU","pH",8.06577777777776
8,2021,"WLOU","spCond",106.907493055556
8,2022,"ARIK","PAR",458.2896875
8,2022,"BIGC","DO",6.84572453703704
8,2022,"BIGC","DO_sat",83.3472239583333
8,2022,"BIGC","PAR",42.232875
8,2022,"BIGC","pH",7.32357499999997
8,2022,"BIGC","spCond",260.130708333334
8,2022,"BLDE","DO",8.05861250000001
8,2022,"BLDE","DO_sat",98.503
8,2022,"BLDE","pH",7.82738541666665
8,2022,"BLUE","DO",7.59700000000001
8,2022,"BLUE","DO_sat",90.3590888888888
8,2022,"BLUE","PAR",476.430833333333
8,2022,"BLUE","pH",7.88420601851849
8,2022,"BLUE","spCond",550.099803240741
8,2022,"BLWA","PAR",436.16734375
8,2022,"BLWA","pH",7.85036111111111
8,2022,"BLWA","spCond",256.1821875
8,2022,"CARI","DO",12.1332513888889
8,2022,"CARI","DO_sat",97.2168097222223
8,2022,"CARI","PAR",342.245458333334
8,2022,"CARI","pH",7.21347222222223
8,2022,"CARI","spCond",84.0816510416666
8,2022,"COMO","DO",7.90684027777778
8,2022,"COMO","DO_sat",96.9662013888889
8,2022,"COMO","PAR",30.0759583333333
8,2022,"COMO","pH",7.13325462962965
8,2022,"COMO","spCond",27.7194409722222
8,2022,"CUPE","DO",8.08467638888887
8,2022,"CUPE","DO_sat",95.7421291666667
8,2022,"CUPE","PAR",42.8939166666667
8,2022,"CUPE","pH",8.25409722222222
8,2022,"CUPE","spCond",216.430776041666
8,2022,"FLNT","DO",6.90538194444445
8,2022,"FLNT","DO_sat",90.6404513888889
8,2022,"FLNT","PAR",465.718041666667
8,2022,"FLNT","pH",7.59133680555554
8,2022,"FLNT","spCond",112.076388888889
8,2022,"GUIL","DO",7.89720694444447
8,2022,"GUIL","DO_sat",96.2577986111112
8,2022,"GUIL","PAR",181.156958333333
8,2022,"GUIL","pH",7.87593472222225
8,2022,"GUIL","spCond",215.123331597222
8,2022,"HOPB","DO",8.23951111111111
8,2022,"HOPB","DO_sat",92.2399305555555
8,2022,"HOPB","TSS",1.7
8,2022,"HOPB","pH",7.14592777777777
8,2022,"HOPB","spCond",79.0030798611111
8,2022,"KING","DO",6.63377777777776
8,2022,"KING","DO_sat",73.2030569444444
8,2022,"KING","PAR",51.2245833333333
8,2022,"KING","pH",7.59026562500008
8,2022,"KING","spCond",639.698994791667
8,2022,"LECO","DO",8.76725555555553
8,2022,"LECO","DO_sat",99.5015513888889
8,2022,"LECO","PAR",16.7542083333333
8,2022,"LECO","pH",6.96282986111104
8,2022,"LECO","spCond",20.6939722222223
8,2022,"LEWI","DO",8.04223611111112
8,2022,"LEWI","DO_sat",87.0562604166667
8,2022,"LEWI","PAR",16.3925
8,2022,"LEWI","pH",7.90545833333322
8,2022,"LEWI","spCond",618.45068287037
8,2022,"MART","DO",9.06513888888886
8,2022,"MART","DO_sat",94.4444875000001
8,2022,"MART","pH",7.28588368055553
8,2022,"MART","spCond",41.1218819444445
8,2022,"MAYF","PAR",20.1552083333333
8,2022,"MCDI","DO",4.596675
8,2022,"MCDI","DO_sat",52.0734166666667
8,2022,"MCDI","PAR",46.213875
8,2022,"MCDI","pH",7.34106249999997
8,2022,"MCDI","spCond",560.852150462963
8,2022,"MCRA","DO",9.2053625
8,2022,"MCRA","DO_sat",94.7407951388887
8,2022,"MCRA","pH",7.25315277777776
8,2022,"MCRA","spCond",28.9312361111112
8,2022,"OKSR","DO",10.79695
8,2022,"OKSR","DO_sat",108.486130555556
8,2022,"OKSR","PAR",256.221291666667
8,2022,"OKSR","pH",7.15728298611108
8,2022,"OKSR","spCond",56.2506541666667
8,2022,"POSE","DO",7.99090972222226
8,2022,"POSE","DO_sat",90.4587277777778
8,2022,"POSE","PAR",94.739625
8,2022,"POSE","pH",7.57240104166663
8,2022,"POSE","spCond",139.882794444445
8,2022,"PRIN","DO",8.05790625000001
8,2022,"PRIN","DO_sat",101.380729166667
8,2022,"PRIN","PAR",17.7581770833334
8,2022,"PRIN","pH",7.93649305555561
8,2022,"PRIN","spCond",970.201465277779
8,2022,"REDB","DO",10.4183229166667
8,2022,"REDB","PAR",112.12359375
8,2022,"REDB","pH",8.49240277777785
8,2022,"REDB","spCond",624.436946180556
8,2022,"SYCA","DO",2.73713888888889
8,2022,"SYCA","DO_sat",31.2215034722222
8,2022,"SYCA","PAR",468.205208333333
8,2022,"SYCA","pH",7.04626041666674
8,2022,"SYCA","spCond",610.965565972222
8,2022,"TECR","DO",7.64023148148148
8,2022,"TECR","DO_sat",93.9668796296295
8,2022,"TECR","PAR",19.4710069444444
8,2022,"TECR","pH",7.14615393518515
8,2022,"TECR","spCond",38.8920798611111
8,2022,"TOMB","PAR",411.61075
8,2022,"WALK","DO",8.73565972222221
8,2022,"WALK","DO_sat",95.1038252314814
8,2022,"WALK","PAR",6.18820833333333
8,2022,"WALK","pH",8.0406180555556
8,2022,"WALK","spCond",247.48094212963
8,2022,"WLOU","DO",8.50815972222223
8,2022,"WLOU","DO_sat",100.833286111111
8,2022,"WLOU","PAR",12.2527916666667
8,2022,"WLOU","pH",7.84803125000007
8,2022,"WLOU","spCond",105.253274305555
9,2021,"ARIK","PAR",295.388166666667
9,2021,"BIGC","DO",7.65064351851853
9,2021,"BIGC","PAR",115.87375
9,2021,"BIGC","pH",7.37910937500001
9,2021,"BIGC","spCond",281.805013888889
9,2021,"BLDE","DO",9.09217361111111
9,2021,"BLDE","PAR",220.082083333333
9,2021,"BLDE","pH",7.98629513888885
9,2021,"BLDE","spCond",113.156857638889
9,2021,"BLUE","DO",8.7955509259259
9,2021,"BLUE","DO_sat",99.06075
9,2021,"BLUE","PAR",487.196291666667
9,2021,"BLUE","pH",8.1372430555556
9,2021,"BLUE","spCond",554.711159722222
9,2021,"BLWA","PAR",336.579166666667
9,2021,"CARI","DO",12.8619458333333
9,2021,"CARI","pH",7.59807870370375
9,2021,"CARI","spCond",78.114517361111
9,2021,"COMO","DO_sat",100.135104166667
9,2021,"COMO","PAR",23.7901041666667
9,2021,"COMO","pH",7.32727430555552
9,2021,"COMO","spCond",32.2850671296296
9,2021,"CUPE","DO",7.70057638888885
9,2021,"CUPE","PAR",63.68625
9,2021,"CUPE","pH",8.18773611111109
9,2021,"CUPE","spCond",291.136972222222
9,2021,"FLNT","PAR",374.458208333333
9,2021,"GUIL","PAR",168.411458333333
9,2021,"GUIL","pH",7.83009027777778
9,2021,"HOPB","DO",9.37636458333335
9,2021,"HOPB","DO_sat",98.7579027777778
9,2021,"HOPB","PAR",7.18766666666666
9,2021,"HOPB","pH",7.05058333333333
9,2021,"HOPB","spCond",95.745662037037
9,2021,"KING","DO",6.02286111111112
9,2021,"KING","DO_sat",67.3878194444444
9,2021,"KING","pH",7.32866319444445
9,2021,"KING","spCond",654.496319444444
9,2021,"LECO","DO",9.27344618055556
9,2021,"LECO","PAR",19.4337916666667
9,2021,"LECO","pH",6.80383680555551
9,2021,"LECO","spCond",16.9434201388889
9,2021,"LEWI","DO",8.81792881944444
9,2021,"LEWI","DO_sat",88.1749444444444
9,2021,"LEWI","pH",7.89443749999999
9,2021,"LEWI","spCond",609.927069444444
9,2021,"MART","DO",9.66843402777775
9,2021,"MART","DO_sat",96.4168009259258
9,2021,"MART","pH",7.25977777777773
9,2021,"MART","spCond",41.2191840277778
9,2021,"MAYF","DO",8.29310694444444
9,2021,"MAYF","DO_sat",92.2686111111111
9,2021,"MAYF","PAR",12.9279166666667
9,2021,"MAYF","pH",5.80678009259258
9,2021,"MAYF","spCond",13.9633263888889
9,2021,"MCDI","DO",4.60235416666667
9,2021,"MCDI","DO_sat",43.9192708333334
9,2021,"MCDI","spCond",571.715194444444
9,2021,"OKSR","DO",10.7543263888889
9,2021,"OKSR","PAR",182.159861111111
9,2021,"OKSR","pH",7.31149305555553
9,2021,"OKSR","spCond",47.5454444444446
9,2021,"POSE","DO",8.45122916666664
9,2021,"POSE","DO_sat",90.5192638888889
9,2021,"POSE","PAR",47.2821666666667
9,2021,"POSE","pH",7.5742106481482
9,2021,"POSE","spCond",112.814048611111
9,2021,"PRIN","DO",7.86343229166667
9,2021,"PRIN","DO_sat",80.8537916666666
9,2021,"PRIN","PAR",41.8781944444444
9,2021,"PRIN","pH",7.99766319444446
9,2021,"PRIN","spCond",739.920697916667
9,2021,"REDB","DO",10.3300138888889
9,2021,"REDB","PAR",52.2796527777778
9,2021,"TECR","DO",7.39646527777778
9,2021,"TECR","DO_sat",90.2165624999999
9,2021,"TECR","PAR",43.1149583333333
9,2021,"TECR","pH",7.18426388888888
9,2021,"TECR","spCond",37.8637986111111
9,2021,"TOMB","DO",7.54624999999999
9,2021,"TOMB","DO_sat",91.7437152777778
9,2021,"WALK","DO",9.08613888888885
9,2021,"WALK","PAR",9.04192708333333
9,2021,"WALK","pH",7.97090277777771
9,2021,"WALK","spCond",254.547274305556
9,2021,"WLOU","DO",8.73452083333333
9,2021,"WLOU","DO_sat",100.445891666667
9,2021,"WLOU","PAR",16.7538333333333
9,2021,"WLOU","pH",8.00464236111115
9,2021,"WLOU","spCond",110.217891203704
9,2022,"ARIK","PAR",299.701375
9,2022,"BIGC","DO",7.97131076388888
9,2022,"BIGC","DO_sat",85.8255902777777
9,2022,"BIGC","PAR",13.406875
9,2022,"BIGC","pH",7.36639305555555
9,2022,"BIGC","spCond",270.272137152777
9,2022,"BLDE","DO",8.98301527777776
9,2022,"BLDE","DO_sat",98.5273611111112
9,2022,"BLDE","PAR",122.550291666667
9,2022,"BLDE","pH",7.90677500000004
9,2022,"BLDE","spCond",107.3189375
9,2022,"BLUE","DO",8.37063541666666
9,2022,"BLUE","DO_sat",95.1131822916666
9,2022,"BLUE","PAR",522.795729166667
9,2022,"BLUE","pH",7.77938194444441
9,2022,"BLUE","spCond",552.842583333333
9,2022,"BLWA","DO",7.26128472222222
9,2022,"BLWA","PAR",461.76875
9,2022,"BLWA","pH",7.8821701388889
9,2022,"BLWA","spCond",254.337395833333
9,2022,"CARI","DO",12.7253708333333
9,2022,"CARI","DO_sat",97.9972824074074
9,2022,"CARI","PAR",106.112013888889
9,2022,"CARI","pH",7.24390972222228
9,2022,"CARI","spCond",87.5845416666667
9,2022,"COMO","DO",8.67027777777777
9,2022,"COMO","DO_sat",99.9774467592592
9,2022,"COMO","PAR",27.6905555555555
9,2022,"COMO","pH",7.31603009259257
9,2022,"COMO","spCond",33.3502708333334
9,2022,"CUPE","PAR",27.7156944444445
9,2022,"FLNT","DO_sat",87.5312499999999
9,2022,"FLNT","PAR",424.648333333333
9,2022,"FLNT","pH",7.45241319444444
9,2022,"FLNT","spCond",164.201736111111
9,2022,"GUIL","DO",7.87064814814815
9,2022,"GUIL","DO_sat",97.0884340277779
9,2022,"GUIL","PAR",110.4928125
9,2022,"GUIL","pH",8.02112152777779
9,2022,"GUIL","spCond",208.437108796296
9,2022,"HOPB","DO",9.47529999999999
9,2022,"HOPB","DO_sat",95.2634884259258
9,2022,"HOPB","PAR",8.61618055555556
9,2022,"HOPB","pH",7.03473437499998
9,2022,"HOPB","spCond",149.750829166667
9,2022,"KING","DO",6.90010833333333
9,2022,"KING","DO_sat",71.9055243055556
9,2022,"KING","PAR",61.31275
9,2022,"KING","pH",7.55682638888893
9,2022,"KING","spCond",647.811316666667
9,2022,"LECO","DO",9.09064583333331
9,2022,"LECO","DO_sat",99.1878444444445
9,2022,"LECO","PAR",26.6625416666667
9,2022,"LECO","pH",6.89962499999997
9,2022,"LECO","spCond",21.9408361111111
9,2022,"LEWI","DO",8.18590277777776
9,2022,"LEWI","DO_sat",88.9943333333333
9,2022,"LEWI","PAR",34.8990833333333
9,2022,"LEWI","pH",7.85534027777777
9,2022,"LEWI","spCond",619.667548611111
9,2022,"MART","DO",9.38792824074073
9,2022,"MART","DO_sat",93.8058090277779
9,2022,"MART","pH",7.25041319444446
9,2022,"MART","spCond",40.7224409722222
9,2022,"MAYF","PAR",10.068125
9,2022,"MCDI","DO",3.41859953703703
9,2022,"MCDI","DO_sat",33.2790532407407
9,2022,"MCDI","PAR",56.16984375
9,2022,"MCDI","pH",7.09666666666669
9,2022,"MCDI","spCond",569.163036111111
9,2022,"MCRA","DO",9.28147361111113
9,2022,"MCRA","DO_sat",95.0706371527777
9,2022,"MCRA","PAR",3.76066666666667
9,2022,"MCRA","pH",7.22265624999997
9,2022,"MCRA","spCond",29.3835652777778
9,2022,"OKSR","DO",10.9957777777777
9,2022,"OKSR","DO_sat",96.4619814814815
9,2022,"OKSR","PAR",148.145972222222
9,2022,"OKSR","pH",7.22074999999992
9,2022,"OKSR","spCond",56.1872777777777
9,2022,"POSE","DO",8.23159953703701
9,2022,"POSE","DO_sat",88.7126291666667
9,2022,"POSE","PAR",46.5955
9,2022,"POSE","pH",7.62394444444451
9,2022,"POSE","spCond",145.556583333333
9,2022,"PRIN","DO",8.08677083333333
9,2022,"PRIN","DO_sat",88.1455416666667
9,2022,"PRIN","PAR",12.4410416666667
9,2022,"PRIN","pH",7.94570833333336
9,2022,"PRIN","spCond",955.174166666666
9,2022,"REDB","DO",9.66540277777778
9,2022,"REDB","DO_sat",100.091430555556
9,2022,"REDB","PAR",59.7784583333333
9,2022,"REDB","pH",8.47306944444437
9,2022,"REDB","spCond",633.517829861111
9,2022,"SYCA","DO",2.77760416666666
9,2022,"SYCA","DO_sat",31.4965277777778
9,2022,"SYCA","PAR",410.954208333333
9,2022,"SYCA","pH",6.95518055555553
9,2022,"SYCA","spCond",637.793390625
9,2022,"TECR","DO",9.82753194444446
9,2022,"TECR","DO_sat",94.3348736111111
9,2022,"TECR","PAR",38.09
9,2022,"TECR","pH",7.21579722222222
9,2022,"TECR","spCond",38.1608454861111
9,2022,"TOMB","DO_sat",66.5375
9,2022,"TOMB","PAR",377.124791666667
9,2022,"TOMB","pH",7.18381944444445
9,2022,"TOMB","spCond",235.475694444445
9,2022,"WALK","DO",9.05010069444442
9,2022,"WALK","DO_sat",95.896175
9,2022,"WALK","PAR",6.6555
9,2022,"WALK","pH",8.07159027777785
9,2022,"WALK","spCond",268.389859722222
9,2022,"WLOU","DO",9.00299583333333
9,2022,"WLOU","DO_sat",102.310451388889
9,2022,"WLOU","PAR",16.1610416666666
9,2022,"WLOU","pH",8.08679861111113
9,2022,"WLOU","spCond",112.680444444444
10,2021,"ARIK","PAR",191.162583333333
10,2021,"BIGC","DO",8.56761805555557
10,2021,"BIGC","DO_sat",85.9037847222223
10,2021,"BIGC","pH",7.2770138888889
10,2021,"BIGC","spCond",289.916784722222
10,2021,"BLDE","DO",10.5121857638889
10,2021,"BLDE","DO_sat",101.081314236111
10,2021,"BLDE","PAR",130.659333333333
10,2021,"BLDE","pH",7.9732777777779
10,2021,"BLDE","spCond",112.431888888889
10,2021,"BLUE","DO",9.30926041666666
10,2021,"BLUE","DO_sat",97.8864131944443
10,2021,"BLUE","PAR",284.704208333333
10,2021,"BLUE","pH",8.12115694444447
10,2021,"BLUE","spCond",560.156600694444
10,2021,"BLWA","PAR",228.074930555556
10,2021,"CARI","DO",13.4953819444444
10,2021,"CARI","spCond",84.8815347222223
10,2021,"COMO","DO",9.63931712962964
10,2021,"COMO","DO_sat",97.7378333333332
10,2021,"COMO","PAR",26.4446180555556
10,2021,"COMO","pH",7.25965972222225
10,2021,"COMO","spCond",33.1288611111111
10,2021,"CUPE","DO",8.09716319444448
10,2021,"CUPE","DO_sat",95.6105763888887
10,2021,"CUPE","PAR",24.4823611111111
10,2021,"CUPE","pH",8.17791666666665
10,2021,"CUPE","spCond",278.45305787037
10,2021,"FLNT","PAR",362.41525
10,2021,"HOPB","DO",10.0746197916666
10,2021,"HOPB","DO_sat",97.6825027777777
10,2021,"HOPB","PAR",34.3745833333333
10,2021,"HOPB","pH",7.06944675925926
10,2021,"HOPB","spCond",96.7270243055555
10,2021,"KING","DO",5.92784583333333
10,2021,"KING","DO_sat",53.6386875
10,2021,"KING","pH",7.36440798611109
10,2021,"KING","spCond",656.356268055556
10,2021,"LECO","DO",9.53142083333332
10,2021,"LECO","DO_sat",99.4133972222222
10,2021,"LECO","PAR",18.5065416666667
10,2021,"LECO","pH",6.81744861111109
10,2021,"LECO","spCond",18.947175
10,2021,"LEWI","DO",8.88275138888888
10,2021,"LEWI","DO_sat",88.3384467592592
10,2021,"LEWI","pH",7.85642129629629
10,2021,"LEWI","spCond",623.316945601852
10,2021,"MART","DO",10.7754375
10,2021,"MART","DO_sat",95.9493819444444
10,2021,"MART","pH",7.29630208333342
10,2021,"MART","spCond",40.4576666666666
10,2021,"MAYF","DO",8.81990104166665
10,2021,"MAYF","DO_sat",91.8497013888888
10,2021,"MAYF","PAR",11.9980416666667
10,2021,"MAYF","pH",5.9142708333333
10,2021,"MAYF","spCond",13.7200569444445
10,2021,"MCDI","DO",4.62457638888889
10,2021,"MCDI","DO_sat",58.8599722222222
10,2021,"MCDI","pH",7.33189583333332
10,2021,"MCDI","spCond",589.973085069444
10,2021,"MCRA","DO",10.8801944444444
10,2021,"MCRA","DO_sat",99.5317777777777
10,2021,"MCRA","PAR",3.16659722222222
10,2021,"MCRA","spCond",27.9628576388889
10,2021,"POSE","DO",9.05066840277776
10,2021,"POSE","DO_sat",90.4129496527779
10,2021,"POSE","PAR",42.2173958333333
10,2021,"POSE","pH",7.62214236111125
10,2021,"POSE","spCond",135.477810763889
10,2021,"PRIN","DO",7.98310763888889
10,2021,"PRIN","DO_sat",88.1048055555555
10,2021,"PRIN","PAR",18.61203125
10,2021,"PRIN","pH",8.06987638888889
10,2021,"PRIN","spCond",392.180602430555
10,2021,"REDB","DO",10.1372482638889
10,2021,"REDB","DO_sat",99.4866486111111
10,2021,"REDB","PAR",56.7120416666667
10,2021,"REDB","pH",8.34610416666693
10,2021,"REDB","spCond",721.544310763888
10,2021,"TECR","DO",9.97449305555556
10,2021,"TECR","DO_sat",99.553412037037
10,2021,"TECR","PAR",25.7730416666667
10,2021,"TECR","pH",7.27521064814809
10,2021,"TECR","spCond",41.0967905092593
10,2021,"TOMB","DO",7.21376736111112
10,2021,"TOMB","DO_sat",89.9421643518519
10,2021,"WALK","DO",9.23901111111111
10,2021,"WALK","DO_sat",95.1651444444445
10,2021,"WALK","PAR",23.13421875
10,2021,"WALK","pH",7.9593472222222
10,2021,"WALK","spCond",222.0173625
10,2021,"WLOU","DO",9.71706666666665
10,2021,"WLOU","DO_sat",99.0846
10,2021,"WLOU","PAR",4.779375
10,2021,"WLOU","pH",8.09385416666675
10,2021,"WLOU","spCond",112.623530555556
10,2022,"ARIK","DO",4.48912500000001
10,2022,"ARIK","DO_sat",35.2953402777779
10,2022,"ARIK","PAR",171.649583333333
10,2022,"ARIK","pH",7.68736111111108
10,2022,"ARIK","spCond",769.423354166666
10,2022,"BIGC","DO",9.77709027777776
10,2022,"BIGC","DO_sat",91.1606958333333
10,2022,"BIGC","PAR",6.56366666666667
10,2022,"BIGC","pH",7.43898263888886
10,2022,"BIGC","spCond",278.957933333333
10,2022,"BLDE","DO",10.7287829861111
10,2022,"BLDE","DO_sat",100.349525
10,2022,"BLDE","PAR",136.204291666667
10,2022,"BLDE","pH",7.91010277777774
10,2022,"BLDE","spCond",109.488227777778
10,2022,"BLUE","DO",9.08485590277777
10,2022,"BLUE","DO_sat",95.180371527778
10,2022,"BLUE","PAR",358.815708333333
10,2022,"BLUE","pH",7.65626562500008
10,2022,"BLUE","spCond",561.078430555556
10,2022,"BLWA","DO",6.82425347222222
10,2022,"BLWA","PAR",353.464861111111
10,2022,"BLWA","pH",7.94574652777777
10,2022,"CARI","DO",13.3449138888889
10,2022,"CARI","DO_sat",96.2202100694444
10,2022,"CARI","PAR",35.17875
10,2022,"CARI","pH",7.28390972222226
10,2022,"CARI","spCond",95.303404513889
10,2022,"COMO","DO_sat",106.105854166667
10,2022,"COMO","PAR",27.326
10,2022,"COMO","pH",7.30434027777779
10,2022,"COMO","spCond",35.4167805555556
10,2022,"CUPE","DO",9.01040277777778
10,2022,"CUPE","DO_sat",108.377847222222
10,2022,"CUPE","PAR",27.3467361111111
10,2022,"CUPE","spCond",207.138881944444
10,2022,"FLNT","DO",8.64902777777779
10,2022,"FLNT","PAR",448.63875
10,2022,"FLNT","spCond",157.043923611111
10,2022,"GUIL","TSS",2
10,2022,"HOPB","DO",10.9999458333333
10,2022,"HOPB","DO_sat",97.0036788194444
10,2022,"HOPB","PAR",37.5718229166666
10,2022,"HOPB","pH",7.05877083333333
10,2022,"HOPB","spCond",152.909851388889
10,2022,"KING","DO",7.26272222222223
10,2022,"KING","DO_sat",73.5386180555555
10,2022,"KING","PAR",84.9834375000001
10,2022,"KING","pH",7.51543055555553
10,2022,"KING","spCond",350.180875
10,2022,"LECO","DO",9.91710277777776
10,2022,"LECO","DO_sat",98.6215652777779
10,2022,"LECO","PAR",56.77296875
10,2022,"LECO","pH",6.97503819444438
10,2022,"LECO","spCond",22.8663489583333
10,2022,"LEWI","DO",9.67311574074072
10,2022,"LEWI","DO_sat",91.2565572916668
10,2022,"LEWI","PAR",71.9070833333333
10,2022,"LEWI","pH",7.84707291666663
10,2022,"LEWI","spCond",622.901418981482
10,2022,"MART","DO",10.2358208333333
10,2022,"MART","DO_sat",92.946984375
10,2022,"MART","pH",7.19631481481481
10,2022,"MART","spCond",40.6974947916666
10,2022,"MAYF","PAR",15.4764166666667
10,2022,"MCDI","DO",3.23622395833334
10,2022,"MCDI","DO_sat",28.1431840277778
10,2022,"MCDI","PAR",131.174541666667
10,2022,"MCDI","pH",7.37741435185192
10,2022,"MCDI","spCond",603.628791666666
10,2022,"MCRA","DO",9.7826527777778
10,2022,"MCRA","DO_sat",97.5013865740739
10,2022,"MCRA","PAR",1.95375
10,2022,"MCRA","pH",7.20386805555543
10,2022,"MCRA","spCond",29.1033506944445
10,2022,"POSE","DO",9.89261111111111
10,2022,"POSE","DO_sat",90.7588027777778
10,2022,"POSE","PAR",62.8918229166667
10,2022,"POSE","spCond",133.8434125
10,2022,"PRIN","DO",8.50742361111111
10,2022,"PRIN","DO_sat",79.9552916666669
10,2022,"PRIN","PAR",11.7540833333333
10,2022,"PRIN","pH",7.96890277777767
10,2022,"PRIN","spCond",1023.93551388889
10,2022,"REDB","DO",10.0730104166666
10,2022,"REDB","DO_sat",100.581490740741
10,2022,"REDB","PAR",37.0190416666667
10,2022,"REDB","spCond",682.514984722222
10,2022,"SYCA","DO",3.11113888888889
10,2022,"SYCA","DO_sat",45.2223263888888
10,2022,"SYCA","PAR",296.860902777778
10,2022,"SYCA","pH",7.02650347222222
10,2022,"SYCA","spCond",620.536286458334
10,2022,"TECR","DO",10.8310833333333
10,2022,"TECR","DO_sat",95.0109444444444
10,2022,"TECR","PAR",45.3330833333333
10,2022,"TECR","pH",7.25667187500002
10,2022,"TECR","spCond",36.5804861111111
10,2022,"TOMB","DO",5.18583333333334
10,2022,"TOMB","PAR",328.909541666667
10,2022,"TOMB","spCond",225.260416666667
10,2022,"WALK","DO",9.91006527777778
10,2022,"WALK","DO_sat",95.4015208333333
10,2022,"WALK","PAR",41.7415625
10,2022,"WALK","pH",8.22223611111096
10,2022,"WALK","spCond",274.971086805556
10,2022,"WLOU","DO",9.79956527777778
10,2022,"WLOU","DO_sat",100.197061111111
10,2022,"WLOU","PAR",4.86416666666667
10,2022,"WLOU","spCond",114.612373263889
11,2021,"ARIK","DO",6.46706423611111
11,2021,"ARIK","DO_sat",60.9014861111111
11,2021,"ARIK","PAR",136.042083333333
11,2021,"ARIK","pH",7.70627083333306
11,2021,"ARIK","spCond",617.116997685185
11,2021,"BIGC","PAR",35.4327604166667
11,2021,"BLDE","DO",11.5391402777777
11,2021,"BLDE","DO_sat",100.437809027778
11,2021,"BLDE","PAR",96.1220416666667
11,2021,"BLDE","pH",7.80219444444442
11,2021,"BLDE","spCond",120.745459722222
11,2021,"BLUE","PAR",288.514291666667
11,2021,"BLUE","pH",8.08986342592589
11,2021,"BLUE","spCond",572.212394444444
11,2021,"BLWA","PAR",281.251458333333
11,2021,"COMO","DO",9.89965798611114
11,2021,"COMO","DO_sat",96.8080642361111
11,2021,"COMO","PAR",19.2449166666667
11,2021,"COMO","spCond",33.8998986111111
11,2021,"CUPE","DO",8.07786342592589
11,2021,"CUPE","DO_sat",96.2305381944445
11,2021,"CUPE","PAR",28.1286458333333
11,2021,"CUPE","spCond",282.292364583333
11,2021,"FLNT","DO_sat",92.1597222222222
11,2021,"FLNT","PAR",324.438791666667
11,2021,"FLNT","pH",7.68472222222222
11,2021,"HOPB","DO",12.1673347222222
11,2021,"HOPB","DO_sat",98.5425503472221
11,2021,"HOPB","PAR",27.7648958333333
11,2021,"HOPB","pH",6.95661805555546
11,2021,"HOPB","spCond",68.0567378472222
11,2021,"KING","DO",6.12805092592592
11,2021,"KING","DO_sat",51.0051631944444
11,2021,"KING","pH",7.37782291666661
11,2021,"KING","spCond",659.906925347222
11,2021,"LECO","DO",10.8494805555555
11,2021,"LECO","DO_sat",100.975294444444
11,2021,"LECO","PAR",37.1405833333333
11,2021,"LECO","pH",6.73821180555559
11,2021,"LECO","spCond",19.0739944444444
11,2021,"LEWI","DO",10.3906921296296
11,2021,"LEWI","DO_sat",89.0070777777778
11,2021,"LEWI","pH",7.87587962962973
11,2021,"LEWI","spCond",617.693236111111
11,2021,"MART","DO",11.3007222222223
11,2021,"MART","DO_sat",99.3276423611111
11,2021,"MART","pH",7.18001736111109
11,2021,"MART","spCond",37.7875902777778
11,2021,"MAYF","DO_sat",94.1784652777778
11,2021,"MAYF","PAR",26.1553333333333
11,2021,"MAYF","spCond",13.4362708333333
11,2021,"MCDI","DO",7.99982407407408
11,2021,"MCDI","DO_sat",70.4356388888889
11,2021,"MCDI","pH",7.58446875000005
11,2021,"MCDI","spCond",620.175425925925
11,2021,"MCRA","DO",12.337638888889
11,2021,"MCRA","DO_sat",100.5458125
11,2021,"MCRA","PAR",1.14416666666667
11,2021,"MCRA","pH",7.1979444444443
11,2021,"MCRA","spCond",24.2763472222222
11,2021,"POSE","DO",11.1374565972222
11,2021,"POSE","DO_sat",94.73109375
11,2021,"POSE","PAR",61.1130208333334
11,2021,"POSE","pH",7.64049305555553
11,2021,"POSE","spCond",115.919998263889
11,2021,"PRIN","DO",10.2302694444444
11,2021,"PRIN","DO_sat",92.9253784722222
11,2021,"PRIN","PAR",16.7245833333333
11,2021,"PRIN","pH",8.23165972222222
11,2021,"PRIN","spCond",759.287026041666
11,2021,"REDB","DO",10.6695402777778
11,2021,"REDB","DO_sat",101.27181712963
11,2021,"REDB","PAR",45.407
11,2021,"REDB","spCond",736.515025
11,2021,"TECR","DO",10.1534847222222
11,2021,"TECR","DO_sat",98.1143694444444
11,2021,"TECR","PAR",36.4821527777778
11,2021,"TECR","pH",7.1478750000001
11,2021,"TECR","spCond",34.9218722222223
11,2021,"TOMB","DO",8.20055555555555
11,2021,"TOMB","DO_sat",86.3119791666667
11,2021,"WALK","DO",10.3886055555556
11,2021,"WALK","DO_sat",96.3755208333333
11,2021,"WALK","PAR",56.1935
11,2021,"WALK","pH",8.0565069444444
11,2021,"WALK","spCond",249.273539351852
11,2021,"WLOU","DO",10.2905319444445
11,2021,"WLOU","DO_sat",100.6537875
11,2021,"WLOU","PAR",4.11758333333333
11,2021,"WLOU","pH",8.05917361111121
11,2021,"WLOU","spCond",111.862211805556
11,2022,"ARIK","DO",5.9026111111111
11,2022,"ARIK","DO_sat",49.9725486111111
11,2022,"ARIK","PAR",143.891041666667
11,2022,"ARIK","pH",7.77071527777788
11,2022,"ARIK","spCond",590.9138125
11,2022,"BIGC","DO",11.4136180555555
11,2022,"BIGC","DO_sat",89.4338298611111
11,2022,"BIGC","PAR",27.6226388888889
11,2022,"BIGC","pH",7.18340277777786
11,2022,"BIGC","spCond",289.885809027778
11,2022,"BLDE","DO",11.7155381944444
11,2022,"BLDE","DO_sat",100.410397222222
11,2022,"BLDE","PAR",53.856375
11,2022,"BLDE","pH",7.8017899305555
11,2022,"BLDE","spCond",109.922269444445
11,2022,"BLUE","DO",10.1911347222222
11,2022,"BLUE","DO_sat",98.9178958333333
11,2022,"BLUE","PAR",126.415666666667
11,2022,"BLUE","pH",7.85444027777783
11,2022,"BLUE","spCond",558.9546875
11,2022,"BLWA","PAR",254.739375
11,2022,"BLWA","pH",7.7440625
11,2022,"BLWA","spCond",293.579548611111
11,2022,"CARI","DO",13.0693663194445
11,2022,"CARI","DO_sat",91.9016666666666
11,2022,"CARI","PAR",9.26545833333333
11,2022,"CARI","spCond",104.907821180556
11,2022,"COMO","PAR",17.0650833333333
11,2022,"COMO","pH",7.26088888888895
11,2022,"COMO","spCond",33.62259375
11,2022,"CUPE","DO",8.61951157407407
11,2022,"CUPE","DO_sat",104.201958333334
11,2022,"CUPE","pH",8.33511111111118
11,2022,"CUPE","spCond",301.666706944444
11,2022,"FLNT","DO",8.07961805555557
11,2022,"FLNT","DO_sat",88.7368055555554
11,2022,"FLNT","PAR",217.31421875
11,2022,"FLNT","pH",7.4351388888889
11,2022,"FLNT","spCond",152.339409722222
11,2022,"GUIL","PAR",9.00194444444446
11,2022,"HOPB","DO",12.0448263888889
11,2022,"HOPB","DO_sat",97.9049166666667
11,2022,"HOPB","PAR",43.9064583333333
11,2022,"HOPB","pH",6.93575347222221
11,2022,"HOPB","spCond",143.223930555555
11,2022,"KING","PAR",128.230375
11,2022,"LECO","DO",10.5444357638889
11,2022,"LECO","DO_sat",98.1659913194443
11,2022,"LECO","PAR",60.1216666666667
11,2022,"LECO","pH",6.91439166666662
11,2022,"LECO","spCond",19.7529847222222
11,2022,"LEWI","DO",9.60999826388888
11,2022,"LEWI","DO_sat",88.9359097222222
11,2022,"LEWI","PAR",111.583854166667
11,2022,"LEWI","pH",7.91182638888881
11,2022,"LEWI","spCond",646.69494212963
11,2022,"MART","DO",11.7890439814815
11,2022,"MART","DO_sat",98.7807513888889
11,2022,"MART","spCond",36.5655291666666
11,2022,"MAYF","PAR",27.7272395833334
11,2022,"MCDI","DO",7.47444675925926
11,2022,"MCDI","DO_sat",71.1142065972222
11,2022,"MCDI","PAR",96.6063333333333
11,2022,"MCDI","pH",7.66568055555565
11,2022,"MCDI","spCond",644.725323611112
11,2022,"MCRA","DO",11.6291921296297
11,2022,"MCRA","DO_sat",100.215211805555
11,2022,"MCRA","PAR",1.64
11,2022,"MCRA","pH",7.14773611111102
11,2022,"MCRA","spCond",23.5614357638889
11,2022,"POSE","DO",10.5315590277778
11,2022,"POSE","DO_sat",91.5334600694445
11,2022,"POSE","PAR",57.0741145833333
11,2022,"POSE","pH",7.61149305555559
11,2022,"POSE","spCond",130.683137152778
11,2022,"PRIN","DO",8.90406666666667
11,2022,"PRIN","DO_sat",80.3739416666666
11,2022,"PRIN","PAR",10.5587083333333
11,2022,"PRIN","pH",8.05162916666664
11,2022,"PRIN","spCond",852.55375462963
11,2022,"REDB","DO",11.57355
11,2022,"REDB","DO_sat",101.287822222222
11,2022,"REDB","PAR",36.231625
11,2022,"REDB","spCond",732.638473958334
11,2022,"SYCA","DO",2.86400173611111
11,2022,"SYCA","PAR",169.006208333333
11,2022,"SYCA","pH",7.04584374999994
11,2022,"SYCA","spCond",622.669190972222
11,2022,"TECR","DO",10.9501944444444
11,2022,"TECR","DO_sat",97.4772447916666
11,2022,"TECR","PAR",29.4403333333333
11,2022,"TECR","spCond",43.3938791666667
11,2022,"TOMB","DO",8.70392361111111
11,2022,"TOMB","DO_sat",70.2767361111111
11,2022,"TOMB","PAR",232.869583333333
11,2022,"WALK","DO",9.7831388888889
11,2022,"WALK","DO_sat",91.6345569444445
11,2022,"WALK","PAR",70.0997083333333
11,2022,"WALK","pH",8.0076631944444
11,2022,"WALK","spCond",269.216298611111
11,2022,"WLOU","DO",10.0925152777779
11,2022,"WLOU","DO_sat",97.4530958333334
11,2022,"WLOU","PAR",1.57052083333333
11,2022,"WLOU","spCond",114.408689236111
12,2021,"ARIK","DO",7.56696527777776
12,2021,"ARIK","DO_sat",63.9297378472222
12,2021,"ARIK","PAR",114.278791666667
12,2021,"ARIK","pH",8.04090972222224
12,2021,"ARIK","spCond",580.744659722222
12,2021,"BIGC","PAR",34.3422222222222
12,2021,"BIGC","spCond",276.988520833333
12,2021,"BLDE","DO",11.6862673611111
12,2021,"BLDE","DO_sat",98.7571319444444
12,2021,"BLDE","PAR",52.3025
12,2021,"BLDE","pH",7.77479166666671
12,2021,"BLDE","spCond",118.943445833333
12,2021,"BLUE","PAR",206.031284722222
12,2021,"BLUE","pH",8.09074305555559
12,2021,"BLUE","spCond",572.80196875
12,2021,"BLWA","DO",10.5573958333333
12,2021,"BLWA","DO_sat",105.423125
12,2021,"BLWA","PAR",197.870958333333
12,2021,"BLWA","pH",7.7353298611111
12,2021,"BLWA","spCond",191.020590277778
12,2021,"COMO","DO",9.04554687500003
12,2021,"COMO","DO_sat",89.7447552083333
12,2021,"COMO","PAR",10.8711458333333
12,2021,"COMO","spCond",35.3087899305555
12,2021,"CUPE","DO",8.19656111111114
12,2021,"CUPE","DO_sat",97.005338888889
12,2021,"CUPE","PAR",26.7965277777778
12,2021,"CUPE","spCond",287.986409722222
12,2021,"FLNT","DO",9.74204861111112
12,2021,"FLNT","DO_sat",94.3489583333333
12,2021,"FLNT","PAR",182.555347222222
12,2021,"FLNT","pH",7.60274305555559
12,2021,"FLNT","spCond",122.31875
12,2021,"HOPB","DO",13.7034027777778
12,2021,"HOPB","DO_sat",99.7261631944446
12,2021,"HOPB","PAR",32.1641666666667
12,2021,"HOPB","pH",6.92463888888893
12,2021,"HOPB","spCond",82.6565069444445
12,2021,"KING","DO",7.2069074074074
12,2021,"KING","DO_sat",64.1440847222222
12,2021,"KING","pH",7.44918888888891
12,2021,"KING","spCond",654.4039
12,2021,"LECO","DO",10.789975
12,2021,"LECO","DO_sat",98.1858847222221
12,2021,"LECO","PAR",40.2382291666667
12,2021,"LECO","pH",6.8186354166667
12,2021,"LECO","spCond",20.262880787037
12,2021,"LEWI","DO",10.8074930555556
12,2021,"LEWI","DO_sat",92.5081222222221
12,2021,"LEWI","PAR",69.6539583333333
12,2021,"LEWI","pH",7.93396701388885
12,2021,"LEWI","spCond",613.974010416666
12,2021,"MART","DO",11.8197222222222
12,2021,"MART","DO_sat",97.4839666666665
12,2021,"MART","pH",7.13673437499999
12,2021,"MART","spCond",36.345725
12,2021,"MAYF","PAR",27.4390833333333
12,2021,"MCDI","DO",9.06108333333333
12,2021,"MCDI","DO_sat",79.8566111111111
12,2021,"MCDI","pH",7.73790046296299
12,2021,"MCDI","spCond",621.034875000001
12,2021,"MCRA","DO",12.1666684027777
12,2021,"MCRA","DO_sat",99.4129837962964
12,2021,"MCRA","PAR",2.90504166666667
12,2021,"MCRA","pH",7.24136805555544
12,2021,"MCRA","spCond",23.2956944444444
12,2021,"POSE","DO",11.6180833333333
12,2021,"POSE","DO_sat",92.4412135416667
12,2021,"POSE","PAR",53.4139583333333
12,2021,"POSE","pH",7.66510185185185
12,2021,"POSE","spCond",120.512795138889
12,2021,"PRIN","DO",11.5749486111111
12,2021,"PRIN","DO_sat",98.4461527777777
12,2021,"PRIN","PAR",45.2670833333333
12,2021,"PRIN","pH",8.23609027777772
12,2021,"PRIN","spCond",795.89447800926
12,2021,"REDB","DO",11.5099097222222
12,2021,"REDB","DO_sat",101.083959722222
12,2021,"REDB","PAR",11.7313541666667
12,2021,"REDB","pH",8.48178472222201
12,2021,"REDB","spCond",730.415188888889
12,2021,"TECR","DO",10.9013472222222
12,2021,"TECR","DO_sat",95.9286145833333
12,2021,"TECR","PAR",12.5097916666667
12,2021,"TECR","pH",7.25059375000004
12,2021,"TECR","spCond",32.8855902777778
12,2021,"WALK","DO",10.5711493055556
12,2021,"WALK","DO_sat",110.9781875
12,2021,"WALK","PAR",49.3995833333334
12,2021,"WALK","pH",7.65255092592594
12,2021,"WALK","spCond",171.274829861111
12,2021,"WLOU","DO",10.1914277777778
12,2021,"WLOU","DO_sat",99.4507055555556
12,2021,"WLOU","PAR",1.56045138888889
12,2021,"WLOU","spCond",114.137308333333
12,2022,"ARIK","DO",7.17399166666667
12,2022,"ARIK","DO_sat",58.0896402777778
12,2022,"ARIK","PAR",128.146875
12,2022,"ARIK","pH",7.72497569444434
12,2022,"ARIK","spCond",550.597888888889
12,2022,"BIGC","DO",10.5707899305556
12,2022,"BIGC","DO_sat",93.3309328703705
12,2022,"BIGC","PAR",36.3130208333333
12,2022,"BIGC","pH",7.30243749999999
12,2022,"BIGC","spCond",261.924043981482
12,2022,"BLDE","DO",11.6452499999999
12,2022,"BLDE","DO_sat",100.686391666667
12,2022,"BLDE","PAR",54.6923333333334
12,2022,"BLDE","pH",7.81765277777796
12,2022,"BLDE","spCond",111.946716666667
12,2022,"BLUE","DO",10.8519270833333
12,2022,"BLUE","DO_sat",100.576079861111
12,2022,"BLUE","PAR",175.691
12,2022,"BLUE","pH",7.90366250000003
12,2022,"BLUE","spCond",559.1332
12,2022,"BLWA","PAR",183.875458333333
12,2022,"BLWA","pH",7.36831597222222
12,2022,"BLWA","spCond",153.714930555556
12,2022,"CARI","DO",13.0885208333333
12,2022,"CARI","DO_sat",96.3918124999999
12,2022,"CARI","PAR",1.51635416666667
12,2022,"CARI","spCond",111.498817129629
12,2022,"COMO","PAR",13.677125
12,2022,"COMO","spCond",36.6264097222222
12,2022,"CUPE","DO",8.52224305555555
12,2022,"CUPE","DO_sat",99.5178652777777
12,2022,"CUPE","PAR",30.6861111111111
12,2022,"CUPE","spCond",341.739338888889
12,2022,"FLNT","DO",9.43170138888891
12,2022,"FLNT","PAR",236.183020833333
12,2022,"GUIL","PAR",9.36630208333333
12,2022,"HOPB","DO",14.2424513888888
12,2022,"HOPB","DO_sat",99.8172083333331
12,2022,"HOPB","PAR",24.4503645833333
12,2022,"HOPB","pH",6.87894444444436
12,2022,"HOPB","spCond",92.9064166666669
12,2022,"KING","PAR",75.5318750000001
12,2022,"LECO","DO",11.7034541666667
12,2022,"LECO","DO_sat",99.545477777778
12,2022,"LECO","PAR",39.0119583333333
12,2022,"LECO","pH",6.72905833333335
12,2022,"LECO","spCond",16.1918055555556
12,2022,"LEWI","DO",11.5196840277778
12,2022,"LEWI","DO_sat",93.1219930555554
12,2022,"LEWI","PAR",67.8291666666667
12,2022,"LEWI","pH",7.91627951388887
12,2022,"LEWI","spCond",632.533118055555
12,2022,"MART","DO",12.1334375
12,2022,"MART","DO_sat",98.9293975694445
12,2022,"MART","spCond",35.2080451388889
12,2022,"MAYF","PAR",23.1363541666667
12,2022,"MCDI","DO",9.52232986111111
12,2022,"MCDI","DO_sat",78.7968078703704
12,2022,"MCDI","PAR",108.372416666667
12,2022,"MCDI","pH",7.73354166666667
12,2022,"MCDI","spCond",657.945038888889
12,2022,"MCRA","DO",11.940032986111
12,2022,"MCRA","DO_sat",99.9654458333335
12,2022,"MCRA","PAR",1.10841666666667
12,2022,"MCRA","pH",6.98577083333319
12,2022,"MCRA","spCond",23.953475
12,2022,"POSE","DO",12.68596875
12,2022,"POSE","DO_sat",95.6626236111111
12,2022,"POSE","PAR",55.1067361111111
12,2022,"POSE","pH",7.64565624999988
12,2022,"POSE","spCond",114.155080555555
12,2022,"PRIN","DO",9.44798958333335
12,2022,"PRIN","DO_sat",89.4504768518519
12,2022,"PRIN","PAR",32.7857916666667
12,2022,"PRIN","pH",8.09809895833328
12,2022,"PRIN","spCond",823.812559027777
12,2022,"REDB","DO",11.9687361111111
12,2022,"REDB","DO_sat",100.317678240741
12,2022,"REDB","PAR",25.3734375
12,2022,"REDB","spCond",721.073824652778
12,2022,"SYCA","DO_sat",106.486638888889
12,2022,"TECR","DO",11.1718083333333
12,2022,"TECR","DO_sat",99.351265625
12,2022,"TECR","PAR",13.5421875
12,2022,"TECR","pH",7.02913194444441
12,2022,"TECR","spCond",33.0597430555556
12,2022,"TOMB","DO",9.88440972222225
12,2022,"TOMB","PAR",183.325763888889
12,2022,"TOMB","pH",7.06093749999997
12,2022,"TOMB","spCond",182.671527777778
12,2022,"WALK","DO",11.0410920138889
12,2022,"WALK","DO_sat",95.6146892361111
12,2022,"WALK","PAR",34.14046875
12,2022,"WALK","pH",8.00884722222216
12,2022,"WALK","spCond",177.827685763889
12,2022,"WLOU","DO",10.0247534722222
12,2022,"WLOU","DO_sat",97.0039527777778
12,2022,"WLOU","PAR",2.79041666666667
12,2022,"WLOU","spCond",115.816746527778
